CompanyName,Year Founded,Funding Year,Founded Imputed,Head Quarter,Industry In,AboutCompany,Founders,Investor,Amount in ($),Funding Round/Series
TheCollegeFever,2018,2018,True,Bengaluru,"Brand Marketing, Event Promotion, Marketing, Sponsorship, Ticketing","TheCollegeFever is a hub for fun, fiesta and frolic of Colleges.",Unknown,Unknown,250000.0,Seed
Happy Cow Dairy,2018,2018,True,Mumbai,"Agriculture, Farming",A startup which aggregates milk from dairy farmers in rural Maharashtra.,Unknown,Unknown,480000.0,Seed
MyLoanCare,2018,2018,True,Gurugram,"Credit, Financial Services, Lending, Marketplace",Leading Online Loans Marketplace in India,Unknown,Unknown,780000.0,Series A
PayMe India,2018,2018,True,Noida,"Financial Services, FinTech",PayMe India is an innovative FinTech organization which offers short term financial suport to corporate employees.,Unknown,Unknown,2000000.0,Angel
Hasura,2018,2018,True,Bengaluru,"Cloud Infrastructure, PaaS, SaaS","Hasura is a platform that allows developers to build, deploy, and host cloud-native applications quickly.",Unknown,Unknown,1600000.0,Seed
Tripshelf,2018,2018,True,Kalkaji,"Internet, Leisure, Marketplace",Tripshelf is an online market place for holiday packages.,Unknown,Unknown,192000.0,Seed
Hyperdata.IO,2018,2018,True,Hyderabad,Market Research,Hyperdata combines advanced machine learning with human intelligence.,Unknown,Unknown,600000.0,Angel
Pitstop,2018,2018,True,Bengaluru,"Automotive, Search Engine, Service Industry",Pitstop offers general repair and maintenance services for cars through its doorstep service vehicles.,Unknown,Unknown,1200000.0,Seed
Mihuru,2018,2018,True,Mumbai,"Finance, Internet, Travel",Mihuru is an online platform which gives micro loans for air travel .,Unknown,Unknown,150000.0,Seed
Fyle,2018,2018,True,Bengaluru,"Accounting, Business Information Systems, Business Travel, Finance, SaaS",Fyle is an intelligent expense management platform for enterprises.,Unknown,Unknown,1100000.0,Seed
Antariksh Waste Ventures Pvt ltd,2018,2018,True,Chennai,"Internet of Things, Waste Management",Waste Management for Smart Cities,Unknown,Unknown,6000.0,Seed
Cogoport,2018,2018,True,Mumbai,"Air Transportation, Freight Service, Logistics, Marine Transportation",Cogoport is a platform that provides freight buying industry with spot rates and bidding process for freight buyers.,Unknown,Unknown,6000000.0,Series A
PaisaDukan,2018,2018,True,Mumbai,Financial Services,A P2P lending marketplace platform,Unknown,Unknown,650000.0,Seed
Sleepy Owl Coffee,2018,2018,True,New Delhi,Food and Beverage,"Makers of a signature coffee that's exceptional in taste. It's super easy to brew, requires no equipment & ships to your door.",Unknown,Unknown,420000.0,Seed
BlueJack,2018,2018,True,New Delhi,Autonomous Vehicles,Delhi-based online used vehicles marketplace.,Unknown,Unknown,768000.0,Seed
Pando,2018,2018,True,Chennai,"Logistics, Supply Chain Management",A startup which digitizes logistics operations for Fortune 500 companies.,Unknown,Unknown,2000000.0,Seed
Mintifi,2018,2018,True,Mumbai,"Financial Services, Lending",Online lending startup based in Mumbai.,Unknown,Unknown,2000000.0,Seed
Carcrew,2018,2018,True,Mumbai,"Automotive, Marketplace, Online Portals",India's Online Auto Repair Marketplace,Unknown,Unknown,2000000.0,Seed
Chariot Tech,2018,2018,True,New Delhi,"Internet of Things, Telecommunications",Chariot Tech is an Internet of Things (IoT) startup based in New Delhi.,Unknown,Unknown,240000.0,Seed
Ideal Insurance Brokers/ 121Policy.com,2018,2018,True,Kolkata,Insurance,Ideal Insurance Broking is one of the leaders in insurance broking domain.,Unknown,Unknown,1000000.0,Seed
Mojro Technologies,2018,2018,True,Bengaluru,"Information Technology, Logistics, Supply Chain Management",Mojro envisions to be the world's largest technology-enabled logistics platform.,Unknown,Unknown,650000.0,Seed
Elemential,2018,2018,True,Mumbai,"Blockchain, Developer Tools, Enterprise Software","Blockchain Development Platform To Design, Run & Scale Blockchain Networks.",Unknown,Unknown,1000000.0,Seed
Loadshare,2018,2018,True,Bengaluru,"Industrial Automation, Logistics, Supply Chain Management",LoadShare is India’s fastest growing logistics company,Unknown,Unknown,5000000.0,Series A
Yumlane,2018,2018,True,Mumbai,"Food and Beverage, Food Delivery, Snack Food",Food startup Yumlane operated by QwikPik Technology,Unknown,Unknown,4000000.0,Series A
Kriger Campus,2018,2018,True,New Delhi,Education,A Education Start Up.,Unknown,Unknown,360000.0,Seed
Pipa+Bella,2018,2018,True,Mumbai,"E-Commerce, Fashion, Jewelry, Retail",Pipa+Bella is an online store aimed at selling fashionable and affordable costume jewelry at par with international standards and trends,Unknown,Unknown,1000000.0,Series A
Kaleidofin,2018,2018,True,Chennai,Financial Services,A fintech platform.,Unknown,Unknown,2800000.0,Seed
IndigoLearn,2018,2018,True,Hyderabad,"E-Learning, Education",India's the premier education destination catering to the needs of aspiring students of the CA community.,Unknown,Unknown,150000.0,Seed
UClean,2018,2018,True,India,"Clean Energy, CleanTech, Laundry and Dry-cleaning",UClean is a tech enabled laundry service provider.,Unknown,Unknown,480000.0,Seed
Coutloot,2018,2018,True,Mumbai,"E-Commerce, Fashion, Mobile",The Fashion Re-commerce platform.,Unknown,Unknown,1000000.0,Seed
Letstrack,2018,2018,True,New Delhi,"Apps, Messaging, Navigation, Public Safety","Letstrack GPS tracking devices to track your kids, bike, car and other vehicles. GPS trackers for Vehicle Tracking System in India.",Unknown,Unknown,1700000.0,Seed
Finzy,2018,2018,True,Bengaluru,"Financial Services, Lending",finzy is the premier peer to peer lending solution in India.,Unknown,Unknown,1300000.0,Seed
Fitternity,2018,2018,True,Mumbai,"Fitness, Health Care, Wellness",India's largest online fitness platform that provides an integrated eco-system to help users start & sustain their fitness journey,Unknown,Unknown,2000000.0,Seed
Tolet for Students,2018,2018,True,Jodhpur,Hospitality,"Reserve your Room, Hostel or Paying Guest, while relocating for higher education.",Unknown,Unknown,60000.0,Seed
Chai Kings,2018,2018,True,Chennai,"Food and Beverage, Tea",Chai Kings is a tea retail chain,Unknown,Unknown,240000.0,Seed
Dainik Jagran,2018,2018,True,Kanpur,"Media and Entertainment, News, Outdoors",Dainik Jagran is a media and communications group.,Unknown,Unknown,480000.0,Seed
Playtoome,2018,2018,True,Bengaluru,"Broadcasting, Media and Entertainment, Music, Music Streaming, Video, Video Streaming",Playtoome is a live entertainment destination,Unknown,Unknown,240000.0,Seed
ONGO Framework,2018,2018,True,Hyderabad,"B2B, Information Services, Information Technology",ONGO Framework is a B2B IT and digital solution provider.,Unknown,Unknown,1000000.0,Angel
Notesgen,2018,2018,True,New Delhi,"EdTech, Education, Enterprise Software, Peer to Peer",A Global Peer-to-Peer and Peer-to-Group Learning Platform that helps students supplement their academic & competitive exam prep.,Unknown,Unknown,150000.0,Seed
Arogya MedTech,2018,2018,True,Kolkata,"Health Care, Medical",Arogya MedTech is a Research & Development organization in Bio-Medical industry.,Unknown,Unknown,180000.0,Seed
Propshop24,2018,2018,True,Mumbai,E-Commerce,"Propshop24, a one-stop shop for a handpicked selection of 'fun'tastic products from around the world.",Unknown,Unknown,500000.0,Seed
myUpchar,2018,2018,True,New Delhi,"Health Care, Hospital, Wellness",To bring health issues to people in their language.,Unknown,Unknown,5000000.0,Series A
MissMalini Entertainment,2018,2018,True,Mumbai,—,"MissMalini Entertainment is a multi-platform new media network dedicated to Entertaining, Connecting & Empowering young Indians.",Unknown,Unknown,1248000.0,Seed
Rooter,2018,2018,True,India,Sports,Rooter is a mobile-based platform,Unknown,Unknown,540000.0,Seed
ZestMoney,2018,2018,True,Bengaluru,"Big Data, Consumer Lending, FinTech",Zest is India's first completely automated consumer digital lending platform.,Unknown,Unknown,13400000.0,Series A
MyDentistChoice,2018,2018,True,Hyderabad,"Health Care, Medical, Pharmaceutical",MyDentistChoice is a direct sales and distribution of dental equipment and accessories from top name manufacturers,Unknown,Unknown,500000.0,Seed
Sensibull,2018,2018,True,Bengaluru,Trading Platform,Investment Management Platform,Unknown,Unknown,300000.0,Seed
MedCords,2018,2018,True,Pune,Wellness,Medcords is India’s first holistic healthcare ecosystem on a cloud platform that makes health management easier,Unknown,Unknown,316800.0,Seed
Enakshi,2018,2018,True,Ahmedabad,Fashion,Enakshi is an online apparel brand for women.,Unknown,Unknown,96000.0,Seed
Ultraviolette Automotive,2018,2018,True,Bengaluru,"Automotive, Electric Vehicle, Energy Storage",Ultraviolette is a startup working on electric two-wheelers and energy infrastructure.,Unknown,Unknown,720.0,Series A
Inthree Access,2018,2018,True,Chennai,"Consulting, Retail, Social",Inthree Access is an impact venture that connects the most inaccessible rural markets with products that can transform lives in Rural India.,Unknown,Unknown,4000000.0,Series A
BUGWORKS Research India,2018,2018,True,Bengaluru,"Biotechnology, Life Science, Pharmaceutical, Product Research",BUGWORKS is a drug discovery company.,Unknown,Unknown,9000000.0,Series A
PrestLoans,2018,2018,True,New Delhi,"Credit, Financial Services, FinTech, Personal Finance","PrestLoans New age tech driven RBI regd NBFC helping businesses by providing easy, quick n hassle free loans.",Unknown,Unknown,100000.0,Seed
Wimoxez,2018,2018,True,Hyderabad,Internet,"Data Intelligence Publishing Platform, We bring the best resources to learn valuable technologies which will shape tomorrow.",Unknown,Unknown,20000.0,Seed
HappyEMI,2018,2018,True,Bengaluru,"Consumer, Financial Services, FinTech",HappyEMI is a point of sale digital lending platform that helps consumers finance their purchases in-store and online,Unknown,Unknown,1000000.0,Seed
Hansel.io,2018,2018,True,Bengaluru,"Mobile, Mobile Apps, Personalization, Test and Measurement, Web Apps","Hansel, a mobile app management platform, provides the infrastructure that companies need, in order to personalize product experiences.",Unknown,Unknown,4000000.0,Series A
Propelld,2018,2018,True,Bengaluru,"Education, Financial Services, FinTech",Propelld is a student education financing platform.,Unknown,Unknown,250000.0,Seed
ZiffyHomes,2018,2018,True,New Delhi,"Marketplace, Real Estate, Rental Property",ZiffyHomes is a technology driven marketplace to find out home on rent.,Unknown,Unknown,120000.0,Seed
Carmesi,2018,2018,True,Gurugram,Health Care,Carmesi is a brand of high-end menstrual-hygiene products in India.,Unknown,Unknown,408000.0,Seed
Racetrack,2018,2018,True,Bengaluru,"Artificial Intelligence, Cloud Computing, Video","Racetrack is a sales and support-focused AI-driven platform designed for education, real estate, and e-commerce sectors.",Unknown,Unknown,4104000.0,Seed
WHR,2018,2018,True,Pune,"Health Care, Information Technology","WHR is to make affordable healthcare a reality for all. Our vision is to make healthcare services easier, better and more accessible.",Unknown,Unknown,143145.0,Seed
FabAlley,2018,2018,True,Noida,"E-Commerce, Fashion, Lifestyle","FabAlley is the ultimate Indian fashion destination for fashion-forward, indie-chic girls. Founded in 2012, Tanvi Malik and Shivani Poddar",Unknown,Unknown,7200000.0,Series B
SBI Life,2018,2018,True,Mumbai,Insurance,SBI Life is one of the life insurance company that offers a range of life insurance plans and policies to protect you and your family.,Unknown,Unknown,742000000.0,Private Equity
Studds Accessories,2018,2018,True,Faridabad,E-Commerce,Studds Accessories is a scooter accessories service provider in India,Unknown,Unknown,12000000.0,Private Equity
Design Cafe,2018,2018,True,Bengaluru,"Home Decor, Home Improvement, Home Renovation, Home Services, Interior Design, Smart Home","Design + Execution Organization that delivers beautiful & innovative designs for Home Interiors, in any budget.",Unknown,Unknown,24000000.0,Series B
NoPaperForms Solutions Pvt. Ltd.,2018,2018,True,New Delhi,"EdTech, Education, Information Services, SaaS","NoPaperForms is a marketing automation, lead nurture and enrolment management platform for educational institutions",Unknown,Unknown,3980000.0,Series B
Rays Power Infra,2018,2018,True,Jaipur,"Energy, Solar",Rays Power Infra is a leading integrated Solar Power Company.,Unknown,Unknown,24000000.0,Venture - Series Unknown
AuthMetrik,2018,2018,True,Gurugram,"B2B, Biometrics, Cyber Security, Fraud Detection, SaaS, Security","SaaS, B2B, Security, Stop account sharing, Fraud Detection",Unknown,Unknown,10000.0,Grant
LetsTransport,2018,2018,True,Bengaluru,"Logistics, Transportation, Travel",Lets transport is a logistics solution provider.,Unknown,Unknown,12000000.0,Series B
Next Digital Solutions,2018,2018,True,Kota,"Digital Marketing, SEM, SEO, Web Development",Next Digital Solutions is website design & Digital Marketing development company.,Unknown,Unknown,1200.0,Angel
Portea Medical,2018,2018,True,Bengaluru,"Health Care, Hospital, Medical",Portea Medical is the largest and fastest growing provider of in-home medical care in India today with a 24-city network.,Unknown,Unknown,3000000.0,Debt Financing
Aavas Financiers,2018,2018,True,Jaipur,"Finance, Financial Services","Aavas Financiers is engaged in the business of providing housing loans, primarily in the un-served, unreached and under-served market.",Unknown,Unknown,24000000.0,Post-IPO Debt
Swiggy,2018,2018,True,Bengaluru,"Food Delivery, Food Processing, Internet",Swiggy is a food ordering and delivery company that provides food service solutions for restaurants.,Unknown,Unknown,1000000000.0,Series H
Milkbasket,2018,2018,True,Haryana,"E-Commerce, Food and Beverage, Internet","Milkbasket delivers milk, bread, eggs, butter, juices and other daily need items, every morning, right at your doorstep, free of charge.",Unknown,Unknown,7000000.0,Series A
Toppr,2018,2018,True,Mumbai,"EdTech, Education, Knowledge Management",Toppr.com is an online preparation platform for entrance exams in India.,Unknown,Unknown,35000000.0,Series C
Jagaran Microfin,2018,2018,True,Kolkata,—,Jagaran Microfin is a Microfinance institution which achieves a healthy amalgamation of social and financial,Unknown,Unknown,6600000.0,Debt Financing
Vivriti Capital,2018,2018,True,Chennai,Financial Services,Vivriti Capital is an online platform for institutional debt in India.,Unknown,Unknown,28500000.0,Venture - Series Unknown
Be U Salons,2018,2018,True,New Delhi,"Apps, Beauty, Consumer, Retail",Be U is India's first subscription based Salon Chain.,Unknown,Unknown,360000.0,Seed
Impact Guru,2018,2018,True,Mumbai,"Creative Agency, Crowdfunding, EdTech, Health Care, Internet, Medical, Non Profit, Personal Health","We're a Harvard incubated crowdfunding platform for nonprofits, social enterprises, startups and individuals.",Unknown,Unknown,2000000.0,Series A
MobiKwik,2018,2018,True,Gurugram,"Consumer Lending, Financial Services, FinTech, Insurance, Lending, Mobile Payments, Payments, Wealth Management",MobiKwik is a payments backed fintech platform in India. MobiKwik App offers instant loans & investment products to the 500M masses of India,Unknown,Unknown,2880000.0,Series E
DataTrained,2018,2018,True,Bengaluru,"EdTech, Education","DataTrained is a educational platform, which operates an ed-tech startup on data science",Unknown,Unknown,1440000.0,Seed
OneAssist,2018,2018,True,Mumbai,"Financial Services, SaaS, Security",OneAssist is a protection & assistance services platform.,Unknown,Unknown,2400000.0,Debt Financing
Satin Creditcare Network Limited (SCNL),2018,2018,True,New Delhi,"Banking, Finance, Financial Services, Non Profit",Satin is a non-banking finance company providing individual loans to urban shopkeepers.,Unknown,Unknown,30000000.0,Post-IPO Debt
APAC Financial Services,2018,2018,True,Mumbai,"Finance, Financial Services",APAC Financial Services is a financial services platform.,Unknown,Unknown,30000000.0,Private Equity
Moglix,2018,2018,True,Noida,"B2B, E-Commerce, Mobile","Moglix is a supplier of industrial tools like hand tools, power tools, electrical, and safety equipment.",Unknown,Unknown,23000000.0,Series C
MadGuy Labs,2018,2018,True,Hyderabad,E-Learning,MadGuy Labs is a Online Test-prep Platform.,Unknown,Unknown,150000.0,Venture - Series Unknown
Shop101,2018,2018,True,Mumbai,"Apps, E-Commerce, Internet",#1 Online Selling App. India’s leading social commerce platform. Setup free online store in 2 min. Sell own goods or resell Shop101 Supply.,Unknown,Unknown,11000000.0,Series B
FeedMyPockets,2018,2018,True,Bangalore City,"Advertising, Human Resources, Marketing",On Demand Staffing Platform,Unknown,Unknown,528000.0,Seed
Housejoy,2018,2018,True,Bengaluru,"Beauty, Fitness, Home Services, Internet",Housejoy is a web-based platform that allows individuals to browse and book service providers for their homes.,Unknown,Unknown,3240000.0,Series B
FoodBuddy,2018,2018,True,Belgaum,"Food Delivery, Online Portals, Restaurants","FoodBuddy is a online food delivery portal, providing boundary breaking delivery.",Unknown,Unknown,720000.0,Seed
Ninjacart,2018,2018,True,Bengaluru,"AgTech, B2B, Supply Chain Management",Ninjacart is a B2B agri-marketing platform that connects vegetables and fruits farmers directly with businesses.,Unknown,Unknown,30000000.0,Series B
BYJU’S,2018,2018,True,Bengaluru,"EdTech, Education, Higher Education, Secondary Education",BYJU’s is an edtech company that is reinventing how students learn through its learning app.,Unknown,Unknown,540000000.0,Private Equity
Wakefit,2018,2018,True,Bengaluru,"Manufacturing, Retail",Wakefitkart is a mattress manufacturing company. We manufacture the best quality mattresses at affordable prices.,Unknown,Unknown,7800000.0,Venture - Series Unknown
Hero Electric,2018,2018,True,New Delhi,Manufacturing,"Hero Electric, a 100% subsidiary of the Hero Group, is a pioneer in the Indian Electric Vehicle Industry.",Unknown,Unknown,19200000.0,Venture - Series Unknown
PerkFinance,2018,2018,True,Bengaluru,"Consumer Lending, FinTech",PerkFinance partners with employers to provide affordable loans to their employees at no cost to the company,Unknown,Unknown,900000.0,Seed
Roposo,2018,2018,True,Gurugram,"Internet, Social Network, TV",Roposo - TV by the People is a unique social media platform where people express visually with homemade videos and photos.,Unknown,Unknown,10000000.0,Series C
Wow Venue,2018,2018,True,Mumbai,Events,Wow Venue is an online platform.,Unknown,Unknown,1500000.0,Venture - Series Unknown
OTO Capital,2018,2018,True,Mumbai,Automotive,OTO Capital is a platform that allows you to own a car faster than ever.,Unknown,Unknown,600000.0,Seed
Boodmo,2018,2018,True,Gurugram,"Automotive, Retail",boodmo.com - large online marketplace for auto parts in India.,Unknown,Unknown,840000.0,Seed
MyNewCar.in,2018,2018,True,Gurugram,"Automotive, E-Commerce",MyNewCar.in offers new cars at best price with great deals. Book a new car online or request a doorstep test drive,Unknown,Unknown,1000000.0,Venture - Series Unknown
HalaPlay Technologies,2018,2018,True,Bengaluru,"Digital Entertainment, Fantasy Sports, Sports",A daily fantasy sports platform.,Unknown,Unknown,5000000.0,Series A
PlanetSpark,2018,2018,True,Gurugram,"E-Learning, EdTech, Education",PlanetSpark is an after-school Maths and English learning program for pre teen kids between Grades 2nd to 7th.,Unknown,Unknown,192000.0,Seed
WheelsEMI,2018,2018,True,Pune,—,"WheelsEMI is the brand name of NBFC, WheelsEMI Pvt. Ltd.",Unknown,Unknown,14000000.0,Series B
Forum for Innovation Incubation Research and Entrepreneurship,2018,2018,True,Margão,"Funding Platform, Incubators, Non Profit","FiiRE, a technology business incubator helps the startup process to move from the garage to the lab.",Unknown,Unknown,1230000.0,Grant
OYO,2018,2018,True,Gurugram,"Hospitality, Hotel, Leisure, Travel",OYO is an Indian hospitality startup that operates a network of budget hotels.,Unknown,Unknown,100000000.0,Series E
Quikr,2018,2018,True,Bengaluru,"Classifieds, Internet, Marketplace, Rental Property","Quikr is a free classifieds and online marketplace that helps users sell, buy, rent, or discover anything across India.",Unknown,Unknown,6600000.0,Debt Financing
LearnApp,2018,2018,True,Noida,"Banking, E-Learning, Trading Platform","Learnapp.co - Video courses & live classes in investing, trading, banking and finance.",Unknown,Unknown,240000.0,Seed
Shopkirana,2018,2018,True,Indore,"E-Commerce, Mobile, Retail",Shopkirana connects brands and traditional retailers with the help of technology and supply chain innovation.,Unknown,Unknown,2000000.0,Venture - Series Unknown
Articbot,2018,2018,True,Kannur,"Artificial Intelligence, Information Technology",Articbot is a conversational AI platform for automated customer support and lead generation,Unknown,Unknown,14400.0,Grant
BuildSupply,2018,2018,True,Gurugram,"Enterprise Resource Planning (ERP), Information Services, Information Technology, Real Estate",India’s most advanced ERP system for the real estate,Unknown,Unknown,3000000.0,Series A
Fusion Microfinance,2018,2018,True,New Delhi,"Banking, Finance, Financial Services",Fusion Microfinance Pvt. Ltd. is an NBFC registered with RBI,Unknown,Unknown,62400000.0,Series E
Guiddoo World,2018,2018,True,Mumbai,"Audio, Mobile, Tourism, Travel",We build In-Destination Experiences!,Unknown,Unknown,800000.0,Seed
ION Energy,2018,2018,True,Mumbai,"Energy, Energy Storage, Infrastructure",A stealth startup building a layer of infrastructure for highly efficient energy storage systems.,Unknown,Unknown,1041000.0,Venture - Series Unknown
UnoTag,2018,2018,True,Bengaluru,Artificial Intelligence,SaaS to verify counterfeit,Unknown,Unknown,100000.0,Pre-Seed
CivilCops,2018,2018,True,Gurugram,"Government, Information Technology, Software",Gov-Tech,Unknown,Unknown,100000.0,Pre-Seed
Classworks India,2018,2018,True,Chennai,"Education, Information Technology, Internet, Mobile, Software","Saas, Web App, Mobile App, School Education",Unknown,Unknown,1200.0,Undisclosed
artbandhu,2018,2018,True,Bengaluru,"Digital Media, Internet, Media and Entertainment, Online Portals, Social Media",Ai platform for Art and Creative Community,Unknown,Unknown,15000.0,Pre-Seed
Survaider,2018,2018,True,Bengaluru,"Business Intelligence, Customer Service, Market Research, SaaS",Stethoscope for customer feedback !,Unknown,Unknown,500000.0,Seed
Credy,2018,2018,True,Bengaluru,"Credit, Financial Services, FinTech, Lending",Credy is a fintech platform that connects borrowers seeking capital with lenders seeking market beating returns.,Unknown,Unknown,1400000.0,Seed
iChamp,2018,2018,True,Gurugram,E-Learning,iChamp is an e education innovation product from RNM E-Services Pvt Ltd.,Unknown,Unknown,5000000.0,Seed
Qandle,2018,2018,True,Gurugram,Software,A cloud-based HR management and employee engagement platform.,Unknown,Unknown,1200000.0,Seed
Avishkaar Box,2018,2018,True,New Delhi,"Children, Education, Parenting","Avishkaar Box is just not another box full of material rather it is a well researched, thought through solution",Unknown,Unknown,600000.0,Seed
HyperXchange,2018,2018,True,Pune,"E-Commerce, Mobile, Sharing Economy",hyperXchange is India's fastest growing O2O marketplace for premium refurb gadgets,Unknown,Unknown,1000000.0,Series A
Doodhwala,2018,2018,True,Bengaluru,"Food Delivery, Organic, Organic Food",Doodhwala is an online milk delivery startup that offers over 70 varieties of milk along with a plan based on clients' requirement.,Unknown,Unknown,2200000.0,Seed
DronaHQ,2018,2018,True,Mumbai,Mobile,DronaHQ is an enterprise mobile engagement platform.,Unknown,Unknown,500000.0,Angel
FastFox,2018,2018,True,Gurugram,Rental,FastFox: Market Network for Home Rentals (India),Unknown,Unknown,1200000.0,Series A
BuyForexOnline,2018,2018,True,Bengaluru,Travel,BuyForexOnline.com is India's first completely online provider for buying Foreign Exchange.,Unknown,Unknown,2000000.0,https://docs.google.com/spreadsheets/d/1x9ziNeaz6auNChIHnMI8U6kS7knTr3byy_YBGfQaoUA/edit#gid=1861303593
Colive.in,2018,2018,True,Bengaluru,Consumer,A technology powered network of Branded Serviced Homes conveniently located near educational institutions & workplaces.,Unknown,Unknown,1800000.0,Seed
Agricxlab Private Limited,2018,2018,True,Thane,"B2B, Farming, Marketplace",Online marketplace where farmers and traders can sell their produce to B2B buyers,Unknown,Unknown,500000.0,Seed
Fincash.com,2018,2018,True,Mumbai,Wealth Management,A startup in the personal finance space in India .,Unknown,Unknown,150000.0,Seed
Pandorum Technologies,2018,2018,True,Bengaluru,Biotechnology,Bengaluru based biotech startup.,Unknown,Unknown,3600000.0,Series A
Shirsa Labs,2018,2018,True,Mumbai,"Education, Gaming, Training",Shirsa Labs is a cognitive skill assessment and training portal that provides children with fun educational games.,Unknown,Unknown,500000.0,Seed
PetSutra,2018,2018,True,Gurugram,Veterinary,Gurugram-based Online petcare platform.,Unknown,Unknown,114000.0,Seed
PinkBlue,2018,2018,True,Bengaluru,"Health Care, Hospital, Supply Chain Management",PinkBlue.in - Super-efficient supply-chain for clinical supplies,Unknown,Unknown,300000.0,Seed
Eduvanz,2018,2018,True,Mumbai,"Finance, Financial Services","Eduvanz is new, innovative finance company, which is completely revolutionizing the student loan market.",Unknown,Unknown,500000.0,Angel
Rupeek,2018,2018,True,Bengaluru,"Financial Services, Lending",Rupeek is an asset backed online lending platform currently operating in the space of Gold loans.,Unknown,Unknown,6830000.0,Series A
Backpacker Panda Holidays Private Limited,2018,2018,True,Pune,"Tourism, Travel",Backpacker Panda is creating an ecosystem for youth accommodation and travel.,Unknown,Unknown,1400000.0,Series A
Shape (School Health and Physical Education),2018,2018,True,Pune,Education,Physical education start up,Unknown,Unknown,200000.0,Seed
Placio,2018,2018,True,Noida,"Hospitality, Real Estate",Placio is a student housing and a complete broker-free platform.,Unknown,Unknown,2000000.0,Seed
Aviom India Housing Finance,2018,2018,True,New Delhi,Finance,Delhi based housing finance company.,Unknown,Unknown,1800000.0,Series A
HeyHolidays,2018,2018,True,Bengaluru,"Tourism, Travel","HeyHolidays, a global player in online vacation rentals.",Unknown,Unknown,1000000.0,Seed
Pratilipi,2018,2018,True,Bengaluru,"Digital Media, EBooks, Publishing, Reading Apps",Amazon's Kindle Direct Publishing for Indian Languages,Unknown,Unknown,4300000.0,Series A
Silversparro Technologies Pvt. Ltd,2018,2018,True,Gurugram,"Analytics, Computer Vision, Enterprise Software, Machine Learning, Natural Language Processing, Speech Recognition",Silversparro is a deep learning technology solution provider.,Unknown,Unknown,300000.0,Seed
Emflux Motors,2018,2018,True,Bengaluru,"Automotive, Electric Vehicle, Energy",Emflux Motors is committed to bring clean and sustainable energy into a state of universal acceptance through technological innovation.,Unknown,Unknown,364846.0,Seed
Tricog Health Services Pvt Ltd,2018,2018,True,Bengaluru,"Health Care, Health Diagnostics, Predictive Analytics",Predictive Healthcare Analytics Company,Unknown,Unknown,4000000.0,Series A
Scapic,2018,2018,True,Bengaluru,"Cloud Computing, Computer, SaaS, Software",Virtual/Augmented Reality Start Up .,Unknown,Unknown,500000.0,Seed
6Degree,2018,2018,True,Mumbai,"Fashion, Lifestyle, Retail",A fashion enterprise that provides a launchpad to fashion talent and brands using a tech enabled platform,Unknown,Unknown,400000.0,Seed
Ekincare,2018,2018,True,Hyderabad,Medical,EKincare empowers you to take charge of your health by enabling you to monitor critical medical info and make it available anywhere.,Unknown,Unknown,1500000.0,Series A
Groww,2018,2018,True,Kormangala,"Finance, Impact Investing, Internet",Groww offers a new way of investing money.,Unknown,Unknown,120000.0,Seed
Cell Propulsion,2018,2018,True,Bengaluru,—,Cell Propulsion is an electric mobility startup that designs autonomous electric vehicles.,Unknown,Unknown,84000.0,Seed
Chezuba,2018,2018,True,Hyderabad,"Internet, Social Entrepreneurship",Chezuba is a web-based platform enabling skilled professionals to volunteer online with Non-profits worldwide,Unknown,Unknown,16800.0,Angel
Wealthtrust,2018,2018,True,Mumbai,"Finance, Impact Investing, Mobile Apps",Wealthtrust offers a wealth manager application that enables its users to invest and manage their investments online.,Unknown,Unknown,500000.0,Seed
Awign Enterprises,2018,2018,True,Bengaluru,"Business Development, Market Research, Outsourcing",Operations and manpower outsourcing startup,Unknown,Unknown,600000.0,Seed
Hubhopper,2018,2018,True,New Delhi,"Internet, Social News, Sports",Get your daily dose of interest as summaries from news and magazine stories .,Unknown,Unknown,500000.0,Series A
Rubix108 Technologies,2018,2018,True,Pune,Information Technology,Rubix Total App makes it effortless for Institutes to send home important information and updates about the day’s learning experiences.,Unknown,Unknown,1000000.0,Seed
Workflexi,2018,2018,True,Bengaluru,Human Resources,"Be Smart, Work on Contract,Be Smart, Hire on Contract",Unknown,Unknown,120000.0,Seed
Streak,2018,2018,True,Bengaluru,Financial Services,Algorithmic trading platform.,Unknown,Unknown,270000.0,Seed
Kuants,2018,2018,True,Gurugram,Financial Services,Algorithmic trading platform.,Unknown,Unknown,60000.0,Seed
NiYO Solutions,2018,2018,True,Bengaluru,"Finance, Financial Services, FinTech",NiYO is a fintech company that helps salaried employees access company benefits and other financial services.,Unknown,Unknown,13200000.0,Series A
Simulanis,2018,2018,True,New Delhi,Training,A Delhi-based Augmented Reality and Virtual Reality technology development company.,Unknown,Unknown,500000.0,Seed
MY CHIRAAG CAB,2018,2018,True,Jaipur,Travel,MY CHIRAAG CAB SERVICES PVT LTD,Unknown,Unknown,1000000.0,Seed
Flathalt,2018,2018,True,Gurugram,—,FInd your Customized Home here.,Unknown,Unknown,50000.0,Angel
True Elements,2018,2018,True,Pune,"Dietary Supplements, Food and Beverage, Health Care, Organic Food, Snack Food",True elements offers a range of high-quality snacks and supplements that are inspired by natural foods consumed by our ancestors.,Unknown,Unknown,600000.0,Seed
Trendlyne Technologies,2018,2018,True,Bengaluru,Financial Services,Trendlyne Technologies is a stock market analytics platform and marketplace for retail investors.,Unknown,Unknown,200000.0,Seed
Planys Technologies,2018,2018,True,Chennai,"Manufacturing, Oil and Gas, Robotics",Planys Technologies is India’s first and only manufacturer of compact ROVs providing underwater robotic inspection and survey solutions.,Unknown,Unknown,1682400.0,Series A
HealthPlix,2018,2018,True,Bengaluru,"Fitness, Health Care, Wellness",HealthPlix is a healthtech startup,Unknown,Unknown,3000000.0,Series A
dishq,2018,2018,True,Bengaluru,—,dishq leverages food science and machine learning (AI) to understand and predict people's tastes.,Unknown,Unknown,400000.0,Seed
Entropik Technology,2018,2018,True,Bengaluru,"Artificial Intelligence, Computer, Machine Learning",The boundaries between Human and Machines are shrinking fast.,Unknown,Unknown,1100000.0,Seed
myHQ,2018,2018,True,New Delhi,"Collaboration, Communities, Coworking, Sharing Economy",myHQ turns your everyday coffee space into a perfect work zone. Get an amazing work environment without paying any rent.,Unknown,Unknown,500000.0,Series A
Trell,2018,2018,True,Bangalore City,—,Trell is a location based network which helps you in exploring amazing experiences and annotating places around you.,Unknown,Unknown,1250000.0,Seed
Kidovators (by GyanLab),2018,2018,True,Bengaluru,"Big Data, EdTech, Machine Learning",Building future human capital through 21st Century Skills programs for K-12,Unknown,Unknown,180000.0,Seed
Log 9 Materials,2018,2018,True,Uttar Pradesh,Nanotechnology,Log 9 Materials is a nano-materials manufacturing and RnD startup,Unknown,Unknown,360000.0,Seed
VTION,2018,2018,True,Gurugram,"Analytics, Audio, Digital Media, Innovation Management, Internet Radio, Media and Entertainment",VTION is a media technology innovation firm aiming to solve key problems in the media based ecosystem.,Unknown,Unknown,230400.0,Seed
HousingMan.com,2018,2018,True,Bengaluru,—,"New Apartments, Flats for Sale in Bangalore",Unknown,Unknown,1236000.0,Seed
RupeeCircle,2018,2018,True,Mumbai,"Financial Services, Lending, Peer to Peer",RupeeCircle is a new age finance company.,Unknown,Unknown,480000.0,Seed
Wooden Street,2018,2018,True,Jaipur,"E-Commerce, Furniture, Home Decor, Interior Design, Internet",Woodenstreet.com ensures to fulfill customer’s unique furniture requirements by crafting one-of-a-kind furniture pieces.,Unknown,Unknown,1000000.0,Series A
The Ken,2018,2018,True,Bengaluru,Digital Media,The Ken is India’s first subscriptions-only business news site,Unknown,Unknown,1500000.0,Series A
SaffronStays,2018,2018,True,Mumbai,—,SaffronStays connects travellers to India's Incredible hosts.,Unknown,Unknown,2000000.0,Seed
Foyr,2018,2018,True,Pune,"Home Decor, Interior Design","Foyr.com is India's first online, automated interior designer",Unknown,Unknown,4200000.0,Series A
MEngage,2018,2018,True,Jaipur,"Health Care, Medical Device, Mobile Apps",MEngage is a mass consumer engagement application for doctors on both android and IOS platforms.,Unknown,Unknown,175000.0,Seed
Inner Being Wellness,2018,2018,True,Hyderabad,—,"Inner Being Wellness manufactures beauty, wellness, and nutrition products.",Unknown,Unknown,420000.0,Angel
Wishberry,2018,2018,True,Mumbai,"Crowdfunding, Finance, Financial Services",Wishberry is a rewards-based crowdfunding platform that enables users to raise funds for their creative and innovative ideas.,Unknown,Unknown,1200000.0,Series A
McXtra,2018,2018,True,Andheri,"Finance, Financial Services, Insurance",McXtra is a digital insurance broking startup.,Unknown,Unknown,1300000.0,Seed
SmartVizX,2018,2018,True,Noida,"Software, Virtual Reality",It is a Virtual Reality Solutions StartUp,Unknown,Unknown,1450000.0,Seed
ENLYFT DIGITAL SOLUTIONS PRIVATE LIMITED,2018,2018,True,Pune,—,Digital Marketing Agency,Unknown,Unknown,2400.0,Seed
Scale Labs,2018,2018,True,New Delhi,—,Scale Labs is a cross border e-commerce solutions provider that drives global trade for brands.,Unknown,Unknown,1000000.0,Seed
HungerBox,2018,2018,True,Bengaluru,"B2B, Food and Beverage, Food Delivery",HungerBox is a full stack B2B F&B technology company delivering food solutions for the corporates in India.,Unknown,Unknown,4500000.0,Series A
Biryani By Kilo,2018,2018,True,Noida,"Catering, Food and Beverage, Food Delivery, Food Processing",BBK delivers both authentic taste of Hyderabadi and Lucknowi Biryani prepared in individual earthen Handis with the freshest ingredients.,Unknown,Unknown,1000000.0,Seed
Wholesome Habits (EAT Anytime),2018,2018,True,Mumbai,"Food and Beverage, Snack Food",Wholesome Habits (EAT Anytime) is a healthy snacks Company.,Unknown,Unknown,500000.0,Seed
GoBumpr,2018,2018,True,Mylapore,"Automotive, E-Commerce, Mobile",Car Service and Bike Service Mobile App,Unknown,Unknown,600000.0,Seed
Fixpocket,2018,2018,True,Ahmedabad,"Computer, Digital Marketing, Facilities Support Services, Graphic Design, Internet, Mobile Apps, Social Media Marketing, Web Development",Fixpocket is a internet-based startup.,Unknown,Unknown,250000.0,Seed
edureka!,2018,2018,True,Bengaluru,"Android, Big Data, Blockchain, Cloud Computing, EdTech, Education, Information Technology, iOS, Training, Web Development","Edureka is the fastest growing online learning platform that offers live, instructor-led courses for professionals from various industries.",Unknown,Unknown,2000000.0,Series A
Wow Express,2018,2018,True,Mumbai,"Delivery, Information Technology, Mobile Apps","WOW, as customers react to his studiously taught, trained, polite and courteous nature.",Unknown,Unknown,4500000.0,Series A
ZunRoof,2018,2018,True,Gurugram,"Environmental Consulting, Renewable Energy",ZunRoof is a rooftop focused solar startup.,Unknown,Unknown,199200.0,Angel
Eggoz,2018,2018,True,Indore,"Food and Beverage, Food Processing",Eggoz is a full-stack layer poultry business operator & service provider .,Unknown,Unknown,144000.0,Angel
Sqrrl Fintech,2018,2018,True,Gurugram,"Big Data, Business Intelligence, Financial Services, FinTech, Personal Finance",Personal Finance,Unknown,Unknown,1000000.0,Seed
IndiQube,2018,2018,True,Bengaluru,"Commercial Real Estate, Coworking, Office Administration, Real Estate",IndiQube is a provider of co-working spaces based in Bengaluru.,Unknown,Unknown,15000000.0,Series A
EGK Foods,2018,2018,True,Mumbai,"Food and Beverage, Food Processing, Organic Food, Snack Food",A food processing enterprise registered with StartUp India .,Unknown,Unknown,240000.0,Seed
NirogStreet,2018,2018,True,Gurugram,"Apps, Health Care, Internet, Mobile Apps, Personal Health",NirogStreet is an Ayurvedic doctor discovery and appointment booking platform where patients can easily find doctors and fix consultation.,Unknown,Unknown,300000.0,Seed
Pixr8,2018,2018,True,Ghaziabad,"Digital Media, Incubators, Social Entrepreneurship",Pixr8 is a global media platform dedicated to Start-ups and business organisations for promoting entrepreneurship work.,Unknown,Unknown,50000.0,Seed
Nivesh.com,2018,2018,True,Noida,"Finance, Financial Services, Marketing",Nivesh.com is a mass market mutual funds investment platform.,Unknown,Unknown,360000.0,Seed
Hey Deedee,2018,2018,True,Mumbai,"Delivery Service, Logistics, Service Industry",Hey Deedee is a Mumbai-based company that provides solutions to parcel delivery problems.,Unknown,Unknown,396000.0,Seed
DigiConnectt Technologys,2018,2018,True,Bengaluru,"Information Services, Information Technology",A technology company focused on introducing products that will accelerate and enhance sales productivity and effectiveness .,Unknown,Unknown,125000.0,Seed
Locus.sh,2018,2018,True,Bengaluru,"Big Data, Data Visualization, Logistics, Software",Locus is an intelligent logistics automation platform.,Unknown,Unknown,4000000.0,Series A
Sports Flashes Pvt. Ltd,2018,2018,True,New Delhi,"Basketball, Cricket, Cycling, eSports, Fitness, Golf, Health Care, Hockey, Sports, Swimming, Table Tennis, Volley Ball","Sports Flashes operates a sports content app that provides sports news, live scores, fantasy gaming, expert views, trivia, and more.",Unknown,Unknown,1000000.0,Seed
Picxy,2018,2018,True,Guntur,Internet,"A stock photo startup based in Amravati, Andhra Pradesh.",Unknown,Unknown,130000.0,Seed
Huddle,2018,2018,True,Haryana,Consulting,A coworking incubator Company.,Unknown,Unknown,300000.0,Seed
Cash Suvidha,2018,2018,True,New Delhi,Finance,Cash Suvidha is an Digital Lending Platform that provide working capital finance to SMEs and MSMEs in India.,Unknown,Unknown,1000000.0,Seed
Smartcoin,2018,2018,True,Bengaluru,"Big Data, Financial Services, Machine Learning, Predictive Analytics",Providing financial access to the millions of mobile users in India using alternative credit assessment,Unknown,Unknown,2000000.0,Seed
Roadcast,2018,2018,True,New Delhi,—,Transforming the way businesses deliver. Work-force & fleet mobility tools.,Unknown,Unknown,250000.0,Angel
Printline Media(ThePrint),2018,2018,True,New Delhi,"Digital Media, News, Publishing",A digital news platform.,Unknown,Unknown,418800.0,Seed
Doxper,2018,2018,True,Mumbai,"Health Care, Hospital",Doxper is Health tech startup which has created a digital pen and coded paper system for doctors to record patient information,Unknown,Unknown,864000.0,Seed
i2ifunding,2018,2018,True,Noida,"Crowdfunding, Finance, Financial Services",i2ifunding is an online marketplace that connects borrowers looking for personal loans with investors looking for alternative investments.,Unknown,Unknown,600000.0,Angel
Fasal,2018,2018,True,Bengaluru,"Agriculture, AgTech, Artificial Intelligence, Internet of Things, Machine Learning",Climate Smart Precision Agriculture Platform,Unknown,Unknown,120000.0,Seed
CoinGeto,2018,2018,True,New Delhi,"Cryptocurrency, Trading Platform",CoinGeto is one of India’s most advanced digital assets exchange.,Unknown,Unknown,1440000.0,Seed
Avail Finance,2018,2018,True,Bengaluru,"Finance, FinTech, Mobile Payments",Avail is a mobile-first platform aiming to financially include the urban mass of India.,Unknown,Unknown,17200000.0,Series A
Tripeur,2018,2018,True,Bengaluru,Information Technology,Radical Travel Automation - Cloud Based Corporate Travel & Expense Management Software,Unknown,Unknown,600000.0,Seed
Doubtnut,2018,2018,True,Gurugram,"E-Learning, EdTech, Education, Image Recognition, Machine Learning, STEM Education",Gurgaon based E-learning platform.,Unknown,Unknown,420000.0,Seed
MCaffeine,2018,2018,True,Mumbai,Consumer Goods,MCaffeine is India's First Caffeine Infuse Personal Care Brand. It's an extension to the hyperactive lifestyle and individualistic identity.,Unknown,Unknown,384000.0,Seed
TrustCheckr,2018,2018,True,Bengaluru,Information Technology,A Bengaluru-based fraud analytics solution provider .,Unknown,Unknown,100000.0,Angel
HealthAssure,2018,2018,True,Mumbai,"Fitness, Health Care, Wellness",HealthAssure provides access to Discounted & High Quality primary care medical network.,Unknown,Unknown,1000000.0,Seed
Picture TIme,2018,2018,True,New Delhi,Digital Entertainment,Operator of low-cost mobile cinema theatres in rural areas.,Unknown,Unknown,3000000.0,Seed
1Crowd,2018,2018,True,Mumbai,"Crowdsourcing, Financial Services, Funding Platform, Venture Capital",Equity crowd funding platform focused on connecting investors with a host of extremely promising Indian start-ups and early stage ventures,Unknown,Unknown,3500000.0,Angel
Wellthy Therapeutics Pvt Ltd,2018,2018,True,Mumbai,"Health Care, Hospital","Wellthy is a digital therapeutics company focused on improving patient health through the intersection of technology, and clinical outcomes.",Unknown,Unknown,1620000.0,Seed
Kuvera.in,2018,2018,True,Bengaluru,Financial Services,An online platform for mutual fund investments.,Unknown,Unknown,250000.0,Angel
Livehealth,2018,2018,True,Pune,"Health Care, Information Technology, Management Information Systems",Livehealth is an end-to-end collaborative report management solution. We help you get your medical reports instantly from various health,Unknown,Unknown,1100000.0,Seed
Gramophone,2018,2018,True,Indore,Farming,An agricultural inputs startup Company.,Unknown,Unknown,1000000.0,Seed
Buddy4Study.com,2018,2018,True,Noida,"Career Planning, Education, Higher Education, Service Industry",Buddy4Study is the best scholarship search engine for Indian students. It also helps organizations to set up their own scholarship schemes.,Unknown,Unknown,3000000.0,Series A
Toffee,2018,2018,True,Gurugram,—,"Toffee is a bite size, micro-event & contextual insurtech startup which aims to de-jargonise the insurance buying experience.",Unknown,Unknown,1500000.0,Seed
ORO Wealth,2018,2018,True,Mumbai,—,Online wealth management platform,Unknown,Unknown,1600000.0,Series A
HealWell24,2018,2018,True,Mumbai,"Dental, Elder Care, Health Care, Home Health Care, Personal Health","HealWell24 is India's emerging technology-empowered healthcare company, aiming to bring world-class quality healthcare services anywhere.",Unknown,Unknown,200000.0,Seed
Acko General Insurance,2018,2018,True,Mumbai,"Financial Services, Insurance, Private Social Networking",Acko General Insurance is a digital insurance company in India that redefines insurance for the consumers.,Unknown,Unknown,12000000.0,Series A
arzooo.com,2018,2018,True,Bengaluru,"Consumer Electronics, E-Commerce, E-Commerce Platforms, Electronics, Shipping, Shopping",E-commerce website promising the best price on any product a consumer buys anywhere on the internet.,Unknown,Unknown,180000.0,Seed
Bonphul Air Products,2018,2018,True,New Delhi,CleanTech,A clean tech product Company,Unknown,Unknown,240000.0,Angel
Edyoo,2018,2018,True,Bengaluru,Education,"Edyoo.com is a technology platform that offers the most intuitive design, flexibility, and ease of use.",Unknown,Unknown,1000000.0,Seed
Chtrbox,2018,2018,True,Mumbai,"Advertising, Internet, Marketing",Chtrbox connects social media influencers with brands .,Unknown,Unknown,120000.0,Angel
Aashiyaan Housing and Development Finance,2018,2018,True,Kolkata,Financial Services,Provide housing finance to those in the informal sector enabling the hither to un-served to own a home of their own.,Unknown,Unknown,1620000.0,Seed
BetterPlace Safety Solutions Pvt. Ltd.,2018,2018,True,Bangalore City,"Human Resources, Security, Training","BetterPlace provides businesses with contractor workforce management, including onboarding, training, and background checks.",Unknown,Unknown,3000000.0,Series A
Cashkumar,2018,2018,True,Bengaluru,"Consumer Lending, Finance, FinTech",A P2P Lending Platform connecting millions of financially under-served & new to credit borrowers with investment savvy lenders in India,Unknown,Unknown,600000.0,Seed
Rocketium,2018,2018,True,Bengaluru,"Marketing, Social Media, Video",Easy video creation for social media.,Unknown,Unknown,240000.0,Seed
mfine,2018,2018,True,Bengaluru,"Health Care, Hospital",Hospital & Health Care Start up,Unknown,Unknown,4200000.0,Series A
Earth Food,2018,2018,True,Pune,"Food and Beverage, Food Processing",Earth Food is a healthy Food Start Up.,Unknown,Unknown,768000.0,Seed
Charcoal Eats,2018,2018,True,Mumbai,Food Processing,Charcoal Eats aims to bring Dominos style standardisation.,Unknown,Unknown,600000.0,Seed
Wicked Ride Adventure Services Private Limited,2018,2018,True,Bengaluru,"Automotive, Last Mile Transportation, Peer to Peer, Ride Sharing",Peer-to-Peer motor vehicles sharing,Unknown,Unknown,10000000.0,Venture - Series Unknown
Career Anna,2018,2018,True,Bengaluru,"Commercial, E-Learning, Education",India's Go to Career Commerce Portal,Unknown,Unknown,480000.0,Seed
ERUDITUS Executive Education,2018,2018,True,Mumbai,"Continuing Education, EdTech, Education, Skill Assessment","Eruditus, promoted by Alumni of INSEAD and other top business schools, delivers high quality executive education programmes",Unknown,Unknown,40000000.0,Series C
Square Off,2018,2018,True,Mumbai,"Internet of Things, Robotics",Delivering Imagination,Unknown,Unknown,1100000.0,Seed
UrbanClap,2018,2018,True,New Delhi,"Apps, Home Services, Information Services, Information Technology",UrbanClap is India's leading managed marketplace for home services.,Unknown,Unknown,50000000.0,Series D
Hospals,2018,2018,True,New Delhi,"Medical, Tourism",Hospals is a medical tourism company.,Unknown,Unknown,1500000.0,Seed
Kogta Financial India Limited,2018,2018,True,Jaipur,Financial Services,Kogta Financial (India) Ltd is a retail-focused non banking financial company .,Unknown,Unknown,18480000.0,Series B
The Souled Store,2018,2018,True,Mumbai,"Fashion, Graphic Design, Wearables","The Souled Store bring to you awesome t-shirts, framed prints, badges, notebooks, coasters.",Unknown,Unknown,3000000.0,Venture - Series Unknown
Hush - Speak Up. Make Work Better,2018,2018,True,Bengaluru,"Communities, Leisure, Mobile Apps, Software",Enabling diversity of opinions in organizations,Unknown,Unknown,540000.0,Seed
Drivezy,2018,2018,True,Bengaluru,"Automotive, Rental, Sharing Economy",Drivezy is India's largest vehicle sharing platform which helps people turn their vehicles into earning members of their family.,Unknown,Unknown,100000000.0,Debt Financing
Freyr Energy,2018,2018,True,Hyderabad,"Energy, Environmental Consulting, Renewable Energy, Solar","Freyr Energy is a company that provides full service solar provider based in Hyderabad, India.",Unknown,Unknown,1500000.0,Series A
NIRAMAI Health Analytix,2018,2018,True,Bengaluru,"Health Care, Hospital",NIRAMAI has developed a novel breast cancer screening solution that uses Thermalytix.,Unknown,Unknown,6000000.0,Seed
CloudSek,2018,2018,True,Bengaluru,"Information Technology, SaaS, Security",Cloudsek is an Infosec Risk assessment company which provides intelligence needed to tackle online threats.,Unknown,Unknown,1680000.0,Seed
Lendbox,2018,2018,True,New Delhi,"Crowdfunding, Financial Services, Internet",Lendbox is India's leading peer-to-peer lending online lending platform.,Unknown,Unknown,720000.0,Seed
Verloop,2018,2018,True,Bengaluru,"Customer Service, Information Technology, Internet, Sales Automation",Verloop is an automated customer support and engagement platform.,Unknown,Unknown,3000000.0,Series A
Paymatrix,2018,2018,True,Hyderabad,"Credit Cards, Payments, Property Insurance, Property Management, Rental Property",India's Leading Property Rent management platform,Unknown,Unknown,100000.0,Seed
Idha Skin Clinic,2018,2018,True,Bangalore City,"Beauty, Cosmetics, Health Care, Service Industry",Idha skin clinic jayanagar is dedicated to restore health and natural beauty to your skin.,Unknown,Unknown,60000.0,Seed
InCred,2018,2018,True,Mumbai,"Banking, Finance, Financial Services",InCred Finance is a mumbai-based non-banking financial company,Unknown,Unknown,41900000.0,Private Equity
Vedantu,2018,2018,True,Bengaluru,"EdTech, Education, Mobile, Tutoring",Vedantu provides personalized LIVE Online Tutoring. Vedantu aims to democratize teaching by creating a marketplace of Teachers,Unknown,Unknown,11000000.0,Series B
Stelis Biopharma,2018,2018,True,Bengaluru,Biopharma,Stelis Biopharma is a vertically integrated biopharmaceutical company,Unknown,Unknown,100000000.0,Series B
Magicpin,2018,2018,True,Gurugram,"E-Commerce, E-Commerce Platforms, Retail","Magicpin is a platform where users and merchants in a locality discover, interact, and transact.",Unknown,Unknown,16920000.0,Series C
Mech Mocha,2018,2018,True,Bengaluru,"Digital Entertainment, Mobile, PC Games",Mech Mocha is a mobile gaming startup based in Bangalore working towards ‘Making India Play’ .,Unknown,Unknown,3530000.0,Series B
Aye Finance,2018,2018,True,Gurugram,"Finance, Financial Services, Small and Medium Businesses",Aye Finance provides financial services to micro and small businesses in Northern India.,Unknown,Unknown,864000.0,Debt Financing
Aldopay,2018,2018,True,Chennai,Mobile Payments,Mobile Wallet Focusing on hassle free checkout via Finger Print & OTP.,Unknown,Unknown,200000.0,Seed
Detect Technologies,2018,2018,True,Chennai,"Artificial Intelligence, Energy, Oil and Gas",Completely automated remote control system.,Unknown,Unknown,3300000.0,Series A
Signzy,2018,2018,True,Bengaluru,"Computer, FinTech, Risk Management, Software",Signzy are creating 'building blocks for a Digital Trust system.,Unknown,Unknown,2880000.0,Series A
CashRich,2018,2018,True,Mumbai,"Apps, Financial Services, FinTech",A Mumbai-based fin-tech startup,Unknown,Unknown,1000000.0,Seed
CropIn Technologies,2018,2018,True,Bengaluru,"Agriculture, Mobile","To discover, develop and deliver innovative solution in Agtech Space",Unknown,Unknown,6960000.0,Series B
Yaantra,2018,2018,True,New Delhi,"Information Services, Information Technology, Mobile, Software","Yaantra, India’s leading mobile phone repair, refurbished & Unboxed centre In India",Unknown,Unknown,2000000.0,Debt Financing
TECHBOOZE,2018,2018,True,New Delhi,Education,"Techbooze[1] ""AN OPEN FORUM"" is an educational enterprise, headquartered in India working across the country.",Unknown,Unknown,100000.0,Seed
HealthifyMe,2018,2018,True,Bengaluru,"Apps, Fitness, Health Care, mHealth",HealthifyMe is an application that allows its users to achieve their fitness and weight loss goals from their computers and smartphones.,Unknown,Unknown,6000000.0,Series B
hoi foods,2018,2018,True,Gurugram,"Food and Beverage, Food Delivery",India's first hotel dedicated food brand which promises great in room dining experience in budget hotels,Unknown,Unknown,432000.0,Seed
Perpule,2018,2018,True,Bengaluru,"Apps, Payments, Retail",Perpule is a self-checkout product for retail outlets to enhance the shopping experience of the customers.,Unknown,Unknown,4080000.0,Series A
Royal Sundaram General Insurance Co. Limited,2018,2018,True,Kalpakkam,"Health Insurance, Insurance, Life Insurance","Royal Sundaram provides comprehensive insurance plans and innovative insurance solutions to individuals, families and businesses.",Unknown,Unknown,210000000.0,Corporate Round
CleanseCar,2018,2018,True,Bengaluru,Automotive,CleanseCar is a company provides Washing and Repair Services.,Unknown,Unknown,420000.0,Angel
DRIVEU,2018,2018,True,Bengaluru,"Rental, Taxi Service, Travel",DriveU is a convenient and a quick way of getting on demand drivers for consumers and businesses,Unknown,Unknown,840000.0,Venture - Series Unknown
Spinny,2018,2018,True,Gurugram,"E-Commerce, E-Commerce Platforms, Internet, Retail",Used cars marketplace in India. Ushering new era of transparency and convenience.,Unknown,Unknown,11000000.0,Series A
Med365 Healthcare,2018,2018,True,Jaipur,Health Diagnostics,"Wellness, Specialised Testing, Healthcare at Home",Unknown,Unknown,600000.0,Seed
Dunzo,2018,2018,True,Bengaluru,"Customer Service, Messaging, Mobile Apps, Personalization",Dunzo is an app that connects you with the nearest available delivery partner to pickup or deliver items for you.,Unknown,Unknown,840000.0,Debt Financing
Mobile Premier League (MPL),2018,2018,True,Bengaluru,"Gaming, iOS, Sports",Mobile Premier League(MPL) is a skill based E-Sports platform where you can play your favourite mobile games and win real cash always.,Unknown,Unknown,5000000.0,Series A
WalMart India,2018,2018,True,Gurugram,Retail,"Wal-Mart India Private Limited is a wholly owned subsidiary of Walmart Stores Inc.,",Unknown,Unknown,37680000.0,Venture - Series Unknown
Meesho,2018,2018,True,Bengaluru,"E-Commerce, E-Commerce Platforms, Internet, Mobile Apps, Social Media","Meesho is an online reseller network of housewives and SMBs, who sell products within their network on social channels.",Unknown,Unknown,50000000.0,Series C
BhaskarGuru,2018,2018,True,Bhopal,Search Engine,Bhaskarguru.com is your local search Engine,Unknown,Unknown,1000000.0,Seed
Gugu,2018,2018,True,Coimbatore,"Battery, Electric Vehicle, Energy, Renewable Energy, Transportation",Gugu designs & Sells all Electric Connected Two-wheeler's with Network of Open & Free Fast charging Stations across India.,Unknown,Unknown,250000.0,Seed
Vizzbee,2018,2018,True,Bhopal,"Artificial Intelligence, Drones, Navigation, Packaging Services, Robotics",Autonomous Drone Solutions for last mile delivery as well as search and rescue,Unknown,Unknown,20000.0,Pre-Seed
BIGPHI TECHNOLOGIES PVT. LTD.,2018,2018,True,Bengaluru,Fashion,BIGPHI technologies is the India's first technologically advanced apparel and wearable company.,Unknown,Unknown,900000.0,Angel
Traveo Soft Pvt. Ltd.,2018,2018,True,Bengaluru,"Mobile, Software, Travel",AI based Business Travel & Expense management,Unknown,Unknown,14400.0,Undisclosed
Lucideus,2018,2018,True,New Delhi,"Consulting, Cyber Security, Network Security","Lucideus is a cybersecurity company that offers its customers with consultancy, training, and solutions to counteract cyber-attacks.",Unknown,Unknown,5000000.0,Venture - Series Unknown
GamingMonk,2018,2018,True,New Delhi,"eSports, Gaming, Video Games","GamingMonk is an eSports gaming company based out of New Delhi, India.",Unknown,Unknown,480000.0,Series A
Sukkhi Jewellery,2018,2018,True,Mumbai,"Fashion, Jewelry",Sukkhi Jewellery is a Contemporary fashion jewellery brand.,Unknown,Unknown,6120000.0,Venture - Series Unknown
INDwealth,2018,2018,True,Gurugram,Financial Services,INDwealth is an Artificial Intelligence (AI) powered wealth management company,Unknown,Unknown,26400000.0,Seed
Medikabazaar,2018,2018,True,Mumbai,"B2B, Medical Device",India's largest medical and surgical supplies marketplace,Unknown,Unknown,5000000.0,Series A
NIRA,2018,2018,True,Bengaluru,"Credit, Financial Services, FinTech, Lending","NIRA promotes financial inclusion by creating simple, transparent products that empower individuals to live a life of choice and freedom.",Unknown,Unknown,1000000.0,Seed
Duroflex Pvt. Ltd.,2018,2018,True,Alleppey,"Consumer Goods, Manufacturing",Duroflex Pvt. Ltd. operates as a dominant mattress player.,Unknown,Unknown,22000000.0,Private Equity
Jetbrain Robotics,2018,2018,True,Gurugram,"Health Care, Hospital, Medical, Robotics","Jetbrain Robotics is Hong Kong / Gurgaon based company, building advanced robotic transportation solutions for multi speciality hospitals.",Unknown,Unknown,70000.0,Seed
Healthkart,2018,2018,True,Gurugram,"E-Commerce, Fitness, Health Care","The one stop shop for health, fitness & beauty.",Unknown,Unknown,10000000.0,Venture - Series Unknown
Indiabulls Ventures,2018,2018,True,Mumbai,"Financial Services, Venture Capital",Indiabulls Ventures Limited is one of India’s leading capital market companies providing securities and derivative broking services.,Unknown,Unknown,184704000.0,Post-IPO Equity
Vistara,2018,2018,True,Haryana,Aerospace,Vistara is a joint venture of Tata Sons Limited and Singapore Airlines Limited (SIA),Unknown,Unknown,240000000.0,Private Equity
ClearTax,2018,2018,True,New Delhi,"Accounting, Apps, FinTech",ClearTax India helps individuals prepare and e-file their Income Tax Return online.,Unknown,Unknown,48000000.0,Series B
Shuttl,2018,2018,True,Gurugram,"Apps, Mobile, Transportation","Shuttl provides an app-based office shuttle service to make daily commute safe, reliable, affordable and dignified for everyone.",Unknown,Unknown,1000000.0,Debt Financing
GuruQ,2018,2018,True,New Delhi,Reading Apps,A one of its kind digital integrated platform connecting tutors and students.,Unknown,Unknown,300000.0,Seed
Azure Power,2018,2018,True,New Delhi,"Energy, Renewable Energy, Solar","Azure Power produces and distributes solar power to commercial, government, and utility customers in India.",Unknown,Unknown,185000000.0,Post-IPO Equity
Cube,2018,2018,True,Mumbai,"Banking, Financial Services, FinTech",Cube is consumer banking focused fintech company.,Unknown,Unknown,1680000.0,Series A
LetsMD,2018,2018,True,New Delhi,"Fitness, Health Care, Wellness",LetsMD.com is a marketplace for elective surgeries,Unknown,Unknown,1000000.0,Seed
Twenty Two Motors,2018,2018,True,Haryana,"Automotive, Battery, Electric Vehicle, Manufacturing, Mechanical Design",Twenty Two Motors aim of making cutting edge EV technology affordable for the current generation.,Unknown,Unknown,65000000.0,Corporate Round
Truebil,2018,2018,True,Mumbai,"Automotive, E-Commerce, Marketplace","Truebil is a team of young, highly motivated professionals who strive to help you buy and sell used cars in the simplest way possible.",Unknown,Unknown,2000000.0,Series A
Worxogo,2018,2018,True,Bengaluru,Information Technology,worxogo’s is a pioneering persuasive technology products align employee behaviours .,Unknown,Unknown,1980000.0,Series A
Vivish Technologies (myGate),2018,2018,True,Bengaluru,"Apps, Information Services, Information Technology",India's leading mobile based security management solution .,Unknown,Unknown,7800000.0,Series A
Virtual MetalStreet(MetalStreet),2018,2018,True,Bengaluru,"B2B, Marketplace",Virtual MetalStreet(Metalstreet) is a B2B marketplace for steel trading in India,Unknown,Unknown,700000.0,Angel
Veritas Finance,2018,2018,True,Guindy,Financial Services,Veritas Finance has been promoted with a primary purpose of meeting the working capital and business credit requirements of the small bus.,Unknown,Unknown,30000000.0,Venture - Series Unknown
GoZefo,2018,2018,True,Bengaluru,"Computer, Furniture, Software",Startup working on a white space in the eCommerce industry.,Unknown,Unknown,2520000.0,Venture - Series Unknown
Zomato,2018,2018,True,Gurugram,"Food Delivery, Hospitality, Reservations, Restaurants, Search Engine",Zomato is a search app offering detailed information for restaurants as well as online food delivery.,Unknown,Unknown,210000000.0,Secondary Market
Innov8 Coworking,2018,2018,True,New Delhi,"Collaboration, Communities, Coworking, Real Estate",Innov8 is a Y- Combinator backed company that offers coworking and shared office spaces.,Unknown,Unknown,4000000.0,Seed
Lavelle Networks,2018,2018,True,Bengaluru,"Cloud Computing, Enterprise Software, Network Hardware, Network Security, SaaS",Lavelle Networks provides Software Defined WAN (SD-WAN) Solutions to build end to end Enterprise Networking Platforms for tomorrow,Unknown,Unknown,240000.0,Venture - Series Unknown
Blackbuck,2018,2018,True,Bengaluru,"Information Services, Internet, Logistics, Supply Chain Management, Transportation",Blackbuck is a logistics startup based in India.,Unknown,Unknown,24355200.0,Series D
Cardekho,2018,2018,True,Gurugram,"Automotive, E-Commerce, Information Services",Cardekho is a car search venture that helps users buy cars that are right for them.,Unknown,Unknown,75000000.0,Series C
ElasticRun,2018,2018,True,Pune,"Delivery, Logistics, Transportation",ElasticRun develops an online system that improves the reception of orders from customers and the dispatch of delivery drivers in India.,Unknown,Unknown,7200000.0,Series B
Droom Technology Private Limited,2018,2018,True,Gurugram,"Automotive, E-Commerce Platforms, Marketplace",Droom is a marketplace for automobiles and automobile services.,Unknown,Unknown,30000000.0,Series E
Vogo Rentals,2018,2018,True,Kormangala,"Last Mile Transportation, Railroad, Transportation, Travel",Vogo is a dockless scooter rental company in India which lets customers rent scooters for short one way trips.,Unknown,Unknown,960000.0,Debt Financing
InnerChef,2018,2018,True,Gurugram,"Cooking, E-Commerce, Food and Beverage, Food Delivery, Online Portals",InnerChef is an online food discovery and delivery experience that will make the foodie in you come alive.,Unknown,Unknown,1760000.0,Venture - Series Unknown
LivQuik,2018,2018,True,Mumbai,"FinTech, Mobile, Mobile Payments, Payments, Retail Technology",LivQuik was incorporated with the vision to simplify payments for merchants and consumers in an increasingly digital world,Unknown,Unknown,2700000.0,Corporate Round
Disprz,2018,2018,True,Chennai,"E-Learning, Education","Disprz is a one-of-its-kind “knowledge-tech” start-up that strives to make people knowledgeable, productive and smarter at what they do.",Unknown,Unknown,400000.0,Debt Financing
9stacks,2018,2018,True,New Delhi,"Online Games, Software",Online gaming startup.,Unknown,Unknown,3360000.0,Series A
Origo,2018,2018,True,Gurugram,—,"Origo Commodities, a complete post-harvest management services for agricultural commodities, is the fastest growing company in its sector.",Unknown,Unknown,9600000.0,Venture - Series Unknown
YourOwnROOM,2018,2018,True,Bengaluru,"Online Portals, Property Management, Rental","Good quality, strategically located homes closer to work for millennials",Unknown,Unknown,750000.0,Seed
Vahdam Teas,2018,2018,True,New Delhi,"E-Commerce, Food and Beverage, Tea",Vahdam Teas is a vertically integrated online-first tea brand that sources premium garden fresh teas direct from over 150+ tea plantations.,Unknown,Unknown,2500000.0,Series B
PharmEasy,2018,2018,True,Mumbai,"Health Care, Pharmaceutical, Wellness",PharmEasy - Indias largest healthcare delivery platform,Unknown,Unknown,80000000.0,Series C
Licious,2018,2018,True,Bengaluru,"Delivery Service, Food and Beverage, Food Delivery","Licious is an online meat and fish ordering startup that solves existing problem of finding safe, delectable, trustworthy fresh meat.",Unknown,Unknown,25000000.0,Series C
Stanza Living,2018,2018,True,New Delhi,"Hospitality, Information Technology, Travel Accommodations",Stanza Living is a co-living platform created for students moving to a new place.,Unknown,Unknown,8760000.0,Venture - Series Unknown
Bounce (Metro Bikes),2018,2018,True,Bengaluru,"Autonomous Vehicles, Last Mile Transportation, Recreational Vehicles, Rental","Bounce (formerly Metro Bikes) is an urban mobility solution that makes daily commute stress-free, time-saving, reliable, and convenient.",Unknown,Unknown,3000000.0,Debt Financing
Goals101,2018,2018,True,New Delhi,Financial Services,Goals101 is a one of the fastest growing big-data platforms.,Unknown,Unknown,3500000.0,Seed
Satya MicroCapital,2018,2018,True,New Delhi,"Finance, Financial Exchanges, Financial Services, Micro Lending",New Delhi-based non-banking financial company.,Unknown,Unknown,4800000.0,Venture - Series Unknown
Ummeed Housing Finance Private Limited,2018,2018,True,Haryana,"Finance, Financial Services",Ummeed Housing Finance Private Limited,Unknown,Unknown,7200000.0,Series C
StockEdge,2018,2018,True,Kolkata,"Analytics, Apps, Market Research","StockEdge is a unique platform, which is 100% focused on research and analytics",Unknown,Unknown,1100000.0,Seed
Sequretek,2018,2018,True,Mumbai,—,Sequretek is a cyber security start-up.,Unknown,Unknown,3700000.0,Venture - Series Unknown
Avenues Payments India Pvt. Ltd.,2018,2018,True,Mumbai,—,Avenues Payments is an IT solutions provider for the remittance\money transfer and forex industries.,Unknown,Unknown,1300000.0,Corporate Round
Qbera,2018,2018,True,Bengaluru,"Finance, Financial Services",Qbera is a managed marketplace for unsecured personal loans.,Unknown,Unknown,1680000.0,Venture - Series Unknown
Urban Ladder,2018,2018,True,Bengaluru,"E-Commerce, E-Commerce Platforms, Furniture, Home Decor, Internet",Urban Ladder is a Bangalore-based online furniture company.,Unknown,Unknown,5600000.0,Debt Financing
Planet11 eCommerce Solutions India (Avenue11),2018,2018,True,Bengaluru,—,"Planet11 is backed by SK Planet, which is a part of the SK Group – one of the largest conglomerates in South Korea.",Unknown,Unknown,3120000.0,Corporate Round
Iba Halal Care,2018,2018,True,Ahmedabad,—,Iba Halal Care is a cosmetics brand company.,Unknown,Unknown,1800000.0,Series A
Parkwheels,2018,2018,True,Haryana,"Industrial, Industrial Automation","Parkwheels aims at solving the big, bad & unsexy parking problems of India.",Unknown,Unknown,144000.0,Seed
ShareChat,2018,2018,True,Bengaluru,"Internet, Mobile Apps, Social Network",ShareChat is a social networking and regional content platform for the fast growing Internet users in India.,Unknown,Unknown,99230000.0,Series C
Cyclops Medtech,2018,2018,True,Bengaluru,"Health Care, Health Diagnostics, Internet of Things, Life Science, Machine Learning, Medical, Medical Device",Medtech startup working on clinical and wearable diagnostic and rehab products for neuro vestibular disorders using eye tracking technology.,Unknown,Unknown,1000000.0,Seed
Livspace,2018,2018,True,Bengaluru,"E-Commerce, Furniture, Interior Design","Livspace is the new online shopping destination where you can design, decorate and furnish your dream home.",Unknown,Unknown,70000000.0,Series C
NewsBytes,2018,2018,True,Gurugram,"Apps, Events, News",NewsBytes provides your everyday news in a contextual timeline to reduce information overload.,Unknown,Unknown,1000000.0,Seed
Leena AI,2018,2018,True,Gurugram,"Artificial Intelligence, Human Resources, Information Services, Information Technology",Leena is smart AI powered HR companion dedicated towards engaging employees.,Unknown,Unknown,2000000.0,Seed
GoBolt,2018,2018,True,New Delhi,"Logistics, Railroad, Transportation",Delhi-based logistics technology.,Unknown,Unknown,4800000.0,Venture - Series Unknown
GoGaga,2018,2018,True,Bangalore City,"Dating, Private Social Networking",GoGaga is a new age dating app that has removed the mindless swiping on strangers and connects users through their network and find matches.,Unknown,Unknown,40000.0,Non-equity Assistance
Mate Labs,2018,2018,True,Bengaluru,"Artificial Intelligence, Machine Learning, PaaS",Mate Labs is a machine learning solutions platform for beginners.,Unknown,Unknown,550000.0,Seed
Ola,2018,2018,True,Kormangala,"Apps, E-Commerce, Internet, Mobile, Ride Sharing, Transportation",Ola is a mobile app that brings together cab drivers and customers using technology to make transportation hassle-free in India.,Unknown,Unknown,50000000.0,Venture - Series Unknown
DocPrime,2018,2018,True,Haryana,"Health Care, Health Insurance",DocPrime offers a one-stop healthcare solution right at the comfort of patients' homes.,Unknown,Unknown,50000000.0,Funding Round
CLP India Pvt. Ltd.,2018,2018,True,Mumbai,"Energy, Natural Resources",CLP India Pvt. Ltd. is a foreign investor in the Indian power sector.,Unknown,Unknown,365000000.0,Private Equity
Myra,2018,2018,True,Bengaluru,"Apps, Health Care, Pharmaceutical",Myra is a unique solution of technology and operations that makes buying medicines fast and efficient.,Unknown,Unknown,105000.0,Venture - Series Unknown
Vokal,2018,2018,True,Bengaluru,"Internet, Knowledge Management",India's Largest Peer-to-Peer Knowledge Sharing Platform in Indian Languages.,Unknown,Unknown,1500000.0,Series A
Kissht,2018,2018,True,Mumbai,"Credit, Finance, FinTech, Lending, Sales Automation","Kissht is a financial technology platform that enables instant, seamless credit for consumers to make purchases at digital points of sales",Unknown,Unknown,30000000.0,Series C
Upwards Fintech,2018,2018,True,Mumbai,"Banking, Financial Services, Internet",Upwards Fintech financial company.,Unknown,Unknown,5000000.0,Series A
Bon(Bonfleet Solutions),2018,2018,True,Pune,"Financial Services, FinTech","Bon, a Pune-based FinTech firm was created to bring financial services to the gig-economy workforce.",Unknown,Unknown,936000.0,Seed
Mamaearth,2018,2018,True,Gurugram,"E-Commerce, Health Care, Retail",Mamaearth is an online retailer specializing in baby and toddler products.,Unknown,Unknown,4000000.0,Series A
Belstar Investment and Finance Private Limited,2018,2018,True,Chennai,"Financial Services, Micro Lending",Belstar Investment and Finance Private Limited is a provider of scalable microfinance services to entrepreneurs.,Unknown,Unknown,28000000.0,Venture - Series Unknown
Naaptol,2018,2018,True,Mumbai,"E-Commerce, Retail, Shopping","Koku Gamer is an online platform that offers gaming related news, editorials, reviews, previews, and other content.",Unknown,Unknown,15000000.0,Venture - Series Unknown
Verzeo,2018,2018,True,Bengaluru,E-Learning,Verzeo is anAI-focussed edtech startup.,Unknown,Unknown,5000000.0,Series A
Haazri,2018,2018,True,Mumbai,"Food and Beverage, Snack Food, Tea",Haazri is a tea and snack quick service restaurant startup,Unknown,Unknown,150000.0,Seed
Flyrobe,2018,2018,True,Mumbai,"Fashion, Lifestyle, Rental",Flyrobe is an on-demand apparel rental platform that provides premium designer wear.,Unknown,Unknown,3168000.0,Series B
Dream11,2018,2018,True,Mumbai,"Fantasy Sports, Mobile, Sports","Dream11 is India’s Biggest Sports Game with 30 million+ users playing Fantasy Cricket, Football, Kabaddi and NBA.",Unknown,Unknown,100000000.0,Series D
Nykaa,2018,2018,True,Mumbai,"Beauty, Fashion, Wellness",Nykaa.com is a premier online beauty and wellness destination,Unknown,Unknown,13560000.0,Secondary Market
Chaayos,2018,2018,True,New Delhi,"Food and Beverage, Restaurants, Tea",Chaayos was born in November 2012 out of this premise - a contemporary interpretation of the chai adda.,Unknown,Unknown,9720000.0,Series B
LT Foods,2018,2018,True,New Delhi,"Food and Beverage, Food Processing, Manufacturing",LT Foods believe that nature will continue to nurture us until we as a species continue to breathe and live.,Unknown,Unknown,16800000.0,Post-IPO Equity
Multibashi,2018,2018,True,Bengaluru,"E-Learning, Internet",Free language learning platform.,Unknown,Unknown,120000.0,Seed
Dailyhunt,2018,2018,True,Bengaluru,"Information Technology, Mobile, News, Operating Systems, Social Media, Social News",NewsHunt is a Bangalore based eBooks company.,Unknown,Unknown,6000000.0,Series E
SlicePay,2018,2018,True,Bengaluru,"FinTech, Internet, Payments, Service Industry",SlicePay is an AI based instant credit app for youngsters in India.,Unknown,Unknown,14900000.0,Series A
Udaan,2018,2018,True,Bengaluru,"B2B, Business Development, Internet, Marketplace","Udaan is a B2B trade platform, designed specifically for small and medium businesses in India.",Unknown,Unknown,225000000.0,Series C
Mombay,2018,2018,True,Mumbai,"Food and Beverage, Food Delivery, Internet",Mombay is a unique opportunity for housewives to start household food business and avail everyone with their homemade healthy dishes.,Unknown,Unknown,7500.0,Seed
Droni Tech,2018,2018,True,Mumbai,Information Technology,Droni Tech manufacture UAVs and develop software to service a range of industry requirements.,Unknown,Unknown,420000.0,Seed
Netmeds,2018,2018,True,Chennai,"Biotechnology, Health Care, Pharmaceutical",Welcome to India's most convenient pharmacy!,Unknown,Unknown,35000000.0,Series C
Bombay Shaving,2019,2019,True,Unknown,Ecommerce,Provides a range of male grooming products,Shantanu Deshpande,Sixth Sense Ventures,6300000.0,Unknown
Ruangguru,2014,2019,False,Mumbai,Edtech,"A learning platform that provides topic-based journey, animated videos, quizzes, infographic and mock tests to students","Adamas Belva Syah Devara, Iman Usman.",General Atlantic,150000000.0,Series C
Eduisfun,2019,2019,True,Mumbai,Edtech,It aims to make learning fun via games.,Jatin Solanki,"Deepak Parekh, Amitabh Bachchan, Piyush Pandey",28000000.0,Fresh funding
HomeLane,2014,2019,False,Chennai,Interior design,Provides interior designing solutions,"Srikanth Iyer, Rama Harinath","Evolvence India Fund (EIF), Pidilite Group, FJ Labs",30000000.0,Series D
Nu Genes,2004,2019,False,Telangana,AgriTech,"It is a seed company engaged in production, processing and marketing of seeds",Narayana Reddy Punyala,Innovation in Food and Agriculture (IFA),6000000.0,Unknown
Kratikal,2013,2019,False,Noida,Technology,It is a product-based cybersecurity solutions provider,"Pavan Kushwaha, Paratosh Bansal, Dip Jung Thapa","Gilda VC, Art Venture, Rajeev Chitrabhanu.",1000000.0,Pre series A
Quantiphi,2019,2019,True,Unknown,AI & Tech,It is an AI and big data services company providing business solutions.,Renuka Ramnath,Multiples Alternate Asset Management,20000000.0,Series A
Lenskart,2010,2019,False,New Delhi,E-commerce,It is a eyewear company,"Peyush Bansal, Amit Chaudhary, Sumeet Kapahi",SoftBank,275000000.0,Series G
Appnomic,2019,2019,True,Bengaluru,SaaS,"It is a self-healing enterprise, the IT operations software detects, predicts and prevents problems before they happen",D Padmanabhan,Avataar Ventures,22000000.0,Unknown
Kaleidofin,2018,2019,False,Chennai,Fintech,Platform that provides complete financial solutions for excluded individuals and households,"Puneet Gupta, Sucharita Mukherjee",Oikocredit,5000000.0,Series A
JobSquare,2019,2019,False,Ahmedabad,HR tech,Technology-based platform that is connecting suitable applicants to the right recruiters,Ishit Jethwa,Titan Capital,140500.0,Unknown
LivFin,2017,2019,False,New Delhi,Fintech,"Grants small business loans, supply chain finance and working capital loans to small and medium enterprises",Rakesh Malhotra,German development finance institution DEG,5000000.0,Unknown
Byju's,2011,2019,False,Unknown,Edtech,Provides online learning classes,Byju Raveendran,"South Africa’s Naspers Ventures, the CPP Investment Board",540000000.0,Unknown
Zest Money,2015,2019,False,Bengaluru,Fintech,Uses AI to do risk profiling of e-commerce consumers who opt for EMI,"Chapman, Priya Sharma, Ashish Anantharaman",Goldman Sachs.,15000000.0,Series B
Witblox,2014,2019,False,Unknown,Edtech,Offers a range of robotics learning tools,Amit Modi,Mumbai Angels Network,182700.0,Unknown
SalaryFits,2015,2019,False,Unknown,Fintech,A platform that promotes financial well-being of employees at workplace,Renato Araujo,Brazilian VC Fund Confrapar,5000000.0,Unknown
Pristyn Care,2018,2019,False,Unknown,Healthcare,Delivers advanced medical care & clinical excellence aided by next-level technology,"Harsimarbir Singh, Dr Vaibhav Kapoor, Dr Garima Sawhney","Sequoia India, Hummingbird Ventures, Greenoaks Capital, AngelList.",12000000.0,Series B
Springboard,2013,2019,False,Unknown,Edtech,Offers online courses and extensive mentor-based learning,"Gautam Tambay, Parul Gupta",Reach Capital,11000000.0,Post series A
Medlife,2014,2019,False,Bengaluru,Pharmaceutical,It solves inadequacies in the healthcare delivery system through technology,"Tushar Kumar, Prashant Singh",Wilson Global Opportunities Fund,15500000.0,Unknown
Seekify,2019,2019,False,New Delhi,SaaS,Customer Experience (CX) Automation platform,"Arihant Jain, Ajeet Kushwaha",Sequoia Capita,1500000.0,Seed funding
Toffee Insurance,2017,2019,False,Haryana,Insurance technology,Provides variety of insurance plans and policies,"Nishant Jain, Rohan Kumar",IVM Intersurer,5500000.0,Series A
Fireflies .ai,2019,2019,True,Unknown,AI,Developer of an artificial intelligence-powered assistant for businesses,Sam Udotong,Canaan Partners,5000000.0,Unknown
HungerBox,2015,2019,False,Bengaluru,Foodtech,"Offers B2B tech platform to corporates, aimed at improving the operations of their cafeterias","Sandipan Mitra, Uttam Kumar","Paytm, Asian VC fund NPTK, Sabre Partners, Neoplux.",12000000.0,Series C
Bijak,2019,2019,False,Unknown,AgriTech,B2B platform for agricultural commodities.,"Nukul Upadhye, Mahesh Jakhotia, Jitender Bedwal, Daya Rai, Nikhil Tripathi","Omnivore and Omidyar Network India, Sequoia Capital",2500000.0,Seed fund
Licious,2019,2019,True,Bengaluru,Food,Online meat shop,"Vivek Gupta, Abhay Hanjura",Vertex Growth Fund,30000000.0,Series E
truMe,2019,2019,True,Unknown,IoT,A global platform for Identity and Access Management,"Babu Dayal, Pramod Uniyal, Lalit Mehta",Rajan Kaistha,140000.0,Unknown
Asteria Aerospace,2011,2019,False,Bengaluru,Robotics & AI,"Develops drones that are used by the military, paramilitary, police forces and in various industries.","Neel Mehta, Nihar Vartak",Reliance Industries,230000000.0,Unknown
Rivigo,2014,2019,False,Unknown,Logistics,"It offers delivery services across India to retail, e-commerce, pharmaceutical, automobile and FMCG companies","Deepak Garg, Gazal Kalra","SAIF Partners India VI Ltd, Spring Canter Investment Ltd",20000000.0,Series F
HappyEasyGo,2017,2019,False,Gurugram,Travel,Online flight booking,"Vivek Prabhakar, Boris Zha","Korea Investment Partners (KIP), Samsung Venture Investment Corporation (SVIC), UOB Venture, 10 Fund, CVCapital, Zero2IPO Ventures, M&S Partners",49400000.0,Series B+
Zetwerk,2018,2019,False,Bengaluru,Manufacturing,Provides facilities to get products manufactured.,"Amit Acharya, Srinath Ramakkrushnan","Lightspeed and Greenoaks Capital, Sequoia India, Accel and Kae Capital",32000000.0,Series B
Observe.AI,2019,2019,True,Bengaluru,AI,Creates a voice AI platform,Swapnil,Scale Venture Partners,26000000.0,Series A
Freshokartz,2016,2019,False,Jaipur,E-marketplace,Online fruits and vegetables delivery company,Rajendra Lora,ThinkLab,150000.0,Pre series A
Lil’ Goodness and sCool meal,2019,2019,True,Bengaluru,Food & Nutrition,It empowers moms to provide the best of foods to their Lil' ones,Unknown,"Sajan Pillai, Muthu Krishnan,",400000.0,Unknown
Trell,2016,2019,False,Bengaluru,Social Media,Blogging platform that enables people to create visual collections of their travel and local experiences,"Pulkit Agrawal, Prashant Sachan, Arun Lodhi, Bimal Kartheek Rebba","Ruizheng Investment, Tej Kapoor, Krinshavataram Venkata Vinjamuri, Harsh Shah",2000000.0,Pre series A
VMate,2019,2019,True,Unknown,Unknown,A short video platform,Unknown,Alibaba,100000000.0,Unknown
Bombay Shirt Company,2012,2019,False,Mumbai,E-commerce,Online custom shirt brand,Akshay Narvekar,Lightbox Ventures,8000000.0,Unknown
Slintel,2016,2019,False,Unknown,SaaS,"It helps sales and marketing teams understand purchase intent of buyers on buying patterns, usage and renewals",Deepak Anchala,Stellaris Ventures,1500000.0,Unknown
MyGameMate,2019,2019,True,Bengaluru,E-Sports,eSports platform where players can access various multiplayer mobile games to participate in online tournaments,Parshavv Jain& Raju Kushwaha,"Jindagi Live Angels,",100000.0,Unknown
Rein Games,2019,2019,True,Noida,Technology,"It develops, publishes and distributes games across various platforms","Vaibhav Gupta, Himanshu Devra, Pranav Chaudhary, Nishtha Gupta","Manipal Education and Medical Group (MEMG) family office, Titan Capital",50000000.0,Pre series A
Ecozen,2019,2019,True,Pune,AgriTech,It develops technology-enabled products to strengthen the farm-to-fork value chain of perishables.,"Devendra Gupta, Prateek Singhal, Vivek Pandey",Innovation in Food & Agriculture Fund (IFA Fund),6000000.0,Series A
Box8,2011,2019,False,Mumbai,Foodtech,Enables to order food online,"Amit Raj, Anshul Gupta",Trifecta Capital,120000000.0,Unknown
Awign Enterprises,2016,2019,False,Bengaluru,Unknown,It supplies workforce to the economy,"Annanya Sarthak, Gurpreet Singh, Praveen Sah","Work10M, Michael and Susan Dell Foundation, Eagle10, Unitus Ventures.",4000000.0,Series A
Purplle,2012,2019,False,Mumbai,Cosmetics,Online makeup and beauty products retailer,"Manish Taneja, Rahul Dash",Goldman Sachs,30000000.0,Series C
Freightwalla,2017,2019,False,Mumbai,B2B,Provides digital platform for businesses to plan and manage their international freight shipments online,"Sanjay Bhatia, Bharat Tanvi, Punit Java","Amplo, FJ Labs, Rogue One Capital",4000000.0,Series A
TapChief,2016,2019,False,Bengaluru,Unknown,It connects individuals in need of advice in a specific domain to individuals who have expertise in the same,"Shashank Murali, Binay Krishna, Arjun Krishna",Blume Ventures.,1500000.0,Pre series A
eJOHRI,2015,2019,False,Mumbai,Jewellery,Omnichannel marketplace for gems and jewellery,"Jignesh Mehta, Shailen Mehta",Rajesh Ranavat,1000000.0,Pre series A
KredX,2019,2019,True,Bengaluru,Unknown,Invoice discounting platform,Manish Kumar,Tiger Global Management,26000000.0,Series B
m.Paani,2019,2019,True,Mumbai,Unknown,It digitizes and organises local retailers,Akanksha Hazari,"AC Ventures, Henkel",5500000.0,Series A
Origo,2010,2019,False,Gurugram,AgriTech,It provides post-harvest management services for agricultural commodities,"Mayank Dhanuka, Sunoor Kaul","Oikocredit, Caspian SME Impact Fund IV, Triodos Investment Management",6800000.0,Unknown
WishADish,2019,2019,True,New Delhi,Food & tech,Provides management solution for restaurants,"Sawan Kumar, Bhavya Bhambhani",Undisclosed,6000000.0,Unknown
Ecom Express,2012,2019,False,Gurugram,Logistics,It is a technology enabled logistics solutions provider to the Indian e-commerce industry,"Krishnan, Manju Dhawan, K Satyanarayana, Sanjeev Saxena",CDC Group,36000000.0,Unknown
Stanza Living,2017,2019,False,New Delhi,Accomodation,Provides comfortable and secure accomodation for students,"Sandeep Dalmia, Anindya Dutta",Alteria Capital,5700000.0,Unknown
PiBeam,2019,2019,True,Chennai,Automotive tech,It is engaged in building sustainable and affordable micro-mobility electric vehicles,Visakh Sasikumar,GAIL (India) Ltd,50000000.0,Unknown
Euler Motors,2019,2019,True,New Delhi,Automotive tech,It is offering mobility as a service,Saurav Kumar,"Blume Ventures, Emergent Ventures",2000000.0,Unknown
Moms Co,2019,2019,True,New Delhi,E-commerce,It is into mother and baby care-focused consumer goods,Malika Sadani,"Saama Capital, DSG Consumer Partners",5000000.0,Series B
Lawyered,2015,2019,False,New Delhi,Legal tech,It helps to connect to legal advise online,"Ashish Bhatia, Himanshu Gupta","Pramendra Tomar, Ratish Pandey, Munish Bhatia, Sumit Aggarwal",100000.0,Unknown
Cuemath,2013,2019,False,Bengaluru,Edtech,It helps students to learn math online,Manan Khurma,"Manta Ray Ventures Limited, Google’s Capital G, Sequoia India.",5500000.0,Unknown
Licious,2015,2019,False,Bengaluru,Food,Online meat shop,"Vivek Gupta, Abhay Hanjura",Vertex Ventures,25000000.0,Series D
Nivesh.com,2016,2019,False,Noida,Mutual Funds,The platform simplifies the process of investment,"Anurag Garg, Sridhar Srinivasan",Windrose Capital,600000.0,Unknown
Zebu,2015,2019,False,Unknown,Cybersecurity,"Platform uses encryption technology to allow businesses to safely store files, invoices, and schedules",Team of Waterloo-based software developers,Undisclosed,4000000.0,Seed round
Smart Institute,2019,2019,True,Surat,Edtech,A platform to learn online,Unknown,HNI investors,1500000.0,Unknown
CarDekho,2008,2019,False,Jaipur,Automobile,Enables people to buy and sell new/old cars.,Amit Jain,"Ping An Global Voyager Fund, Hillhouse Capital, Sequoia Capital",70000000.0,Series D
Shadowfax,2015,2019,False,Bengaluru,Logistics,A platform for delivery services,"Abhishek Bansal, Vaibhav Khandelwal","Flipkart, Eight Roads Ventures, NGP Capital, Qualcomm Ventures, Mirae Asset Naver Fund, World Bank-backed IFC",60000000.0,Series D
Credr,2014,2019,False,Mumbai,Automobile,A marketplace to buy and sell used bikes and scooters,Mittal,"Omidyar Network, Eight Roads Ventures, GrowthStory, AngelList",6000000.0,Unknown
Phable,2018,2019,False,Unknown,Healthtech,"It creates an engagement loop between doctors, hospitals, and patients via its app",Sumit Sinha,"LetsVenture, 91 Springboard, IKP Knowledge, Angel investors, AbInbev-Serge DeVos, Wouter Peeters.",220000.0,Unknown
Sarva,2019,2019,True,Chennai,Yoga & wellness,It drives a cultural change in making yoga-based wellness a part of modern lifestyle,Sarvesh Shashi,"Venture fund, Fireside Ventures.",2800000.0,Unknown
IndyFint,2019,2019,False,Bengaluru,Virtual Banking,"It helps lenders to directly provide short-term loans to merchants, employees, and students",Paddy Padmanabhan,Saravanan Adiseshan,2100000.0,Series A
Zolostays,2015,2019,False,Unknown,Accomodation,It offers affordable housing apartments to young professionals and students,"Akhil Sikri, Nikhil Sikri, Sneha Choudhry",Trifecta Capital,7000000.0,Unknown
Ola,2010,2019,False,Bengaluru,Transportation,It enables one to book cab online,"Bhavish Aggarwal, Ankit Bhati","Kia Motors, Hyundai",311000000.0,Unknown
Zoomcar,2013,2019,False,Bengaluru,Transport & Rentals,A car rental service platform,"Greg Moran, David Back",Zoomcar Inc,4800000.0,Unknown
Kratikal,2019,2019,True,Uttar pradesh,Technology,Provides cyber security solutions,Pavan Kushwaha,"Gilda VC, Art Venture, Rajeev Chitrabhanu",1000000.0,Pre-series A
Froogal,2019,2019,True,Hyderabad,Marketing & Customer loyalty,A cloud based Customer Loyalty & Engagement Platform,"Jeevan Chowdary M, Harshit Harchani",US-based angel investors,1000000.0,Pre series A
Infra.Market,2019,2019,True,Mumbai,Infratech,"It connects client requirements to their supply chain infrastructure for ease of ordering, tracking and manufacturing","Aaditya Sharda, Souvik Sengupta","Tiger Global, Nexus Venture Partners, Accel Partners, Dhruv Agarwala",20000000.0,Series A
Oyo,2013,2019,False,Gurugram,Hospitality,Provides rooms for comfortable stay,Ritesh Agarwal,"MyPreferred Transformation, Avendus Finance, SoftBank",693000000.0,Unknown
GoMechanic,2016,2019,False,New Delhi,Automobile & Technology,Find automobile repair and maintenance service providers,"Amit Bhasin, Kushal Karwa, Nitin Rana, Rishabh Karwa",Sequoia Capital,5000000.0,Series B
Spinny,2015,2019,False,New Delhi,Automobile,Online car retailer,"Niraj Singh, Ramanshu Mahaur, Ganesh Pawar, Mohit Gupta","Norwest Venture Partners, General Catalyst, Fundamentum, Accel Partners",50000000.0,Unknown
Ess Kay Fincorp,2019,2019,True,Rajasthan,Banking,Organised Non-Banking Finance Company,Rajendra Setia,"TPG, Norwest Venture Partners, Evolvence India",33000000.0,Unknown
Krayonnz,2019,2020,False,Bengaluru,EdTech,An academy-guardian-scholar centric ecosystem which provides state of the art technological solutions.,"Saurabh Dixit, Gurudutt Upadhyay",GSF Accelerator,100000.0,Pre-seed
qZense,2019,2020,False,Bengaluru,AgriTech,qZense Labs is building the next-generation IoT solution for fresh food quality assessment and management.,"Rubal Chib, Dr Srishti Batra","Venture Catalysts, 9Unicorns Accelerator Fund",600000.0,Seed
MyClassboard,2008,2020,False,Hyderabad,EdTech,MyClassboard is a full-fledged School / College Management Software.,Ajay Sakhamuri,ICICI Bank.,600000.0,Pre-series A
Rupeek,2015,2020,False,Bengaluru,FinTech,"Rupeek is an online lending platform that specializes in credit risk, gold loans, and personal loans.","Amar Prabhu, Ashwin Soni, Sumit Maniyar","KB Investment, Bertelsmann India Investments",45000000.0,Series C
Gig India,2017,2020,False,Pune,Crowdsourcing,GigIndia is a marketplace that provides on-demand work completion for companies through a gig workforce of jobseekers.,"Aditya Shirole, Sahil Sharma","Shantanu Deshpande, Subramaniam Ramadorai",1000000.0,Pre-series A
Slurrp Farm,2016,2020,False,Gurugram,Food & Bevarages,Slurrp Farm is a children health food brand.,Meghana Narayan,Fireside Ventures,2000000.0,Series A
Shiprocket,2017,2020,False,New Delhi,E-commerce,Shiprocket helps online retailers simplify their shipping by providing a delightful post purchase experience to their consumers.,"Gautam Kapoor, Saahil Goel, Vishesh Khurana","Bertelsmann India Investments, InnoVen Capital",7500000.0,Series C
CoinDCX,2017,2020,False,Mumbai,FinTech,CoinDCX is a company that specializes in crypto-enabled financial services.,"Neeraj Khandelwal, Sumit Gupta","Coinbase Ventures, Polychain",10000000.0,Series B
Arya,1982,2020,False,Noida,AgriTech,"""Simplifying Agribusiness"" Throughout Agri-Supply chain, FPO Market Linkages, Market Research, Implementation","Chattanathan Devarajan, Prasanna Rao, Anand Chandra",Quona Capital,21000000.0,Series B
Countingwell,2018,2020,False,Bengaluru,EdTech,"An interactive Maths app, Countingwell breaks Maths concepts into short, simple modules that get kids learning with the least amount of screen time.",Nirmal Shah,"Delhi Private School, UAE, Interstar",1000000.0,Pre-series A
Callify.ai,2016,2020,False,Mumbai,Tech Startup,Callify.ai is a Voice-Based Candidate Screening & Engagement platform for Talent Acquisition teams.,"Chetan Indap, Sunny Sharma, Deepanti Kavi",Malpani Ventures,560000.0,Seed
Cover it Up,2013,2020,False,Chennai,E-commerce,Online portal that churns out high quality products,Ronak Sarda,Angel investors,400000.0,Seed
BiteSpeed,2019,2020,False,Gurugram,E-commerce,Chat-based commerce for E-commerce brands,"Vinayak, Kshitij Abhishek, Apoorv Sadana",Whiteboard Capital,275000.0,Seed
WakeFit,2016,2020,False,Bengaluru,Retail,Wakefitkart is a mattress manufacturing company,"Ankit Garg, Chaitanya Ramalingegowda",Sequoia Capital.,20000000.0,Series B
PagarBook,2019,2020,False,Bengaluru,Software company,"Staff's Salary, Work & Attendance Management Application","Adarsh Kumar, Rupesh Mishra","Sequoia Capital, India Quotient",15000000.0,Series A
Infinite Uptime,2015,2020,False,Pune,IoT startup,The industrial Internet platform that harnesses the power of big data & predictive analytics for data-driven decision making.,Raunak Bhinge,"Infrastructure Leasing & Financial Services Limited, Dorm Room Fund",5100000.0,Series B
HappyLocate,2016,2020,False,Bengaluru,SaaS startup,"HappyLocate is India's first One Stop Relocation Platform, transforming the way Employee Relocations are managed","Ajay Tiwari, Sainadh Duvvuru",The CoWrks Foundry,500000.0,Pre-series A
Loop Health,2017,2020,False,Pune,HealthTech,Loop Health is bringing ease and choice to patients seeking major medical treatments.,"Mayank Kale, Ryan Singh","Y Combinator, Sierra Ventures",2300000.0,Seed
TagMango,2019,2020,False,Mumbai,Marketing company,"TagMango is a marketing and advertising app that helps influencer, and brands to partner with individuals.","Divyanshu Damani, Mohammad Hasan","XRM Media, Kevin Lin",700000.0,Seed
The New Shop,2019,2020,False,New Delhi,Retail startup,The New Shop is a chain of high speed retail stores,"Charak Almast, Aastha Almast, Mani Dev Gyawali",Huddle Accelerator,500000.0,Seed
BHIVE Investech,2014,2020,False,Bengaluru,Co-working Startup,BHIVE is Bangalore's (India) largest Coworking space that allows entrepreneurs to take their ideas to the next level.,"Monnappa Bayavanda, Prashant Reddy, Ravindra M.K, Ravindra M.K., Shesh Paplikar, Shesh Paplikar, Sridhar Venkataraman",Blume Ventures,1000000.0,Seed
Bombay Play,2017,2020,False,Bengaluru,Gaming startup,Bombay Play is a Card and Toy Company Making games for India.,"Abhas Saroha, Oliver Jones, Oliver Jones","Ramakant Sharma, Leo Capital India",1000000.0,Seed
Atomberg Technologies,2012,2020,False,Mumbai,Consumer appliances,"Atomberg Technology aspires to be the ""Tesla"" of the world of household appliances","Manoj Meena, Sibabrata Das","Sandeep Tandon, Survam Partners",9000000.0,Series B
DealShare,2018,2020,False,Jaipur,E-commerce,DealShare is a Social Commerce Startup,"Sankar Bora, Sourjyendu Medda, Vineet Rao","Falcon Edge Capital, Omidyar Network",21000000.0,Series C
CueMath,2011,2020,False,Bengaluru,EdTech,Cuemath is an engaging ‘learning-by-doing’ methodology for students with face-to-face sessions from highly-trained Cuemath teachers.,Manan Khurma,"Sequoia Capital India, CapitalG",40000000.0,Series C
5C Network,2014,2020,False,Bengaluru,HealthTech,"5C is India's first Diagnostics Network, making Radiodiagnosis more Accessible, Affordable and Accurate",Kalyan Sivasailam,"Axilor Ventures, Unitus Ventures",1200000.0,Pre-series A
Ethereum Push Notification Service,2020,2020,False,Mumbai,Blockchain startup,EPNS is a decentralized notification protocol,"Harsh Rajat, Richa Joshi",Prolific angel investors,750000.0,Seed
Mihup,2016,2020,False,Kolkata,Conversational AI platform,Intelligence-based personal mobile assistant app,"Biplab Chakraborty, Sandipan Chattopadhyay, Sandipan Mandal, Tapan Barman","Ideaspring Capital, Accel",1500000.0,Series A
WayCool Foods,2015,2020,False,Chennai,AgriTech,"WayCool has adopted a tech-enabled supply chain approach to produce staples like rice, dairy, and value added products.","Karthik Jayaraman, Sanjay Dasari","FMO, IndusInd Bank",7800000.0,Debt
Infra.Market,2016,2020,False,Thane,Real Estate,Hella Infra Market develops an online procurement marketplace intended to serve the real estate and construction materials industry.,"Aaditya Sharda, Souvik Sengupta","Trifecta Capital Advisors, Nexus Venture Partners",20000000.0,Series B
Clovia,2013,2020,False,Noida,E-commerce,Clovia is the online lingerie retailer,"Neha Kant, Pankaj Vermani","Golden Birch Investments, She Capital",4000000.0,Pre-series C
Codingal,2020,2020,False,Bengaluru,EdTech,Coding education platform for K-12 students,"Satyam Baranwal, Vivek Prakash","Pras Hanuma, Rebright Partners, Java Capital, and GSF Accelerator.",560000.0,Seed
CRED,2018,2020,False,Bengaluru,Finance company,CRED is a members-only app that rewards the user with exclusive rewards for paying credit card bills.,Kunal Shah,"General Catalyst, Ribbit Capital",80000000.0,Series C
SAWO Labs,2020,2020,False,Mumbai,SaaS platform,Providing Secure Authentication solutions to Apps and Websites. Eliminating Passwords and OTPs for a seamless User Experience.,Prabhat Sahu,"StartupXseed Ventures, 100X.VC",600000.0,Seed
GetWork,2019,2020,False,Gurugram,HR Tech,GetWork is a campus recruiting platform to post your jobs and hire across dozens of colleges at once.,Rahul Veerwal,India Accelerator,40000.0,Pre-seed
Mobile Premier League (MPL),2018,2020,False,Bengaluru,Gaming,Mobile Premier League is a skill-based eSports platform used to offer cash prizes while playing games.,"Sai Srinivas Kiran G, Shubham Malhotra","Pegasus Tech Ventures, Base Partners",500000.0,Series B
NewsReach,2018,2020,False,Gujarat,Digital Media,NewsReach India offers partner publications a digital footprint and monetisation of their content via advertisements.,"Darshan Shah, Soniya Kundnani","Mumbai Angels, JITO Angel Network.",1500000.0,Seed
Cashfree,2015,2020,False,Bengaluru,FinTech,Cashfree is a payments and banking technology company that enables businesses in India to collect payments online and make payouts.,"Akash Sinha, Reeju Datta","George Osborne, Smilegate Investment",35000000.0,Series B
Credgenics,2018,2020,False,New Delhi,FinTech,"Credgenics is a tech-enabled platform backed by Titan Capital, helping fintech lenders and Banks in their critical NPA reduction","Anand Agrawal, Mayank Khera, Rishabh Goel","Accel India, Breadlake Ventures",3000000.0,Pre-series A
GeoIQ,2018,2020,False,Bengaluru,AI startup,"Map-based intelligent platform with single-click access to street-level location data - demographics, competitions, movements - for retail.","Devashish Fuloria, Tusheet Shrivastava, Ankita Thakur","Ankur Mittal, Mitesh Shah",300000.0,Seed
Country Delight,2015,2020,False,Haryana,Dairy startup,Country Delight produces and distributes milk intended to provide good quality and unadulterated milk at doorstep.,"Chakradhar Gade, Nitin Kaushal","IIFL Asset Management, Matrix Partners",25000000.0,Series C
Quintype,2014,2020,False,Bengaluru,Content management,"A technology company that focus on building a suite of digital publishing solutions to simplify content creation, distribution, audience engagement",Chirdeep Shetty,IIFL AMC,3500000.0,Series A
CARS24,2015,2020,False,Haryana,Retail,CARS24 is an India-based platform for selling used cars.,"Mehul Agrawal, Ruchit Agarwal, Vikram Chopra","Global Car Group, Freemark holdings",200000000.0,Series E
Cityflo,2015,2020,False,Mumbai,Transportation,Cityflo is an urban transportation app that provides comfortable and economical buses for daily commute.,"Advaith Vishwanath, Ankit Agrawal, Jerin Venad, Rushabh Shah, Sankalp Kelshikar, Subhash Sundaravadivelu","Anupam Mittal, India Quotient",7000000.0,Series A
Ensuredit,2019,2020,False,Gurugram,FinTech,ENSUREDIT enables and empowers end customers and Insurance Intermediaries with AI-based product platforms for transformational customer experience.,"Amit, Rohit Sadhu, and Vikas Ranga",Venture Catalysts,300000.0,Pre-series A
Shipsy,2015,2020,False,Gurugram,AI Company,Shipsy's platform enables data driven decision making enhancing visibility and operational efficiency for Supply Chain industry,"Dhruv Agrawal, Himanshu Gupta, Soham Chokshi","DTDC, Udaan Angel Partners",6000000.0,Series A
Yellow Classes,2020,2020,False,Gurugram,EdTech,New-age fun-learning platform for kids.,"Arpit Mittal, Anshul Gupta",India Quotient,1300000.0,Pre-series A
Country Delight,2015,2020,False,Haryana,Food and Beverages,Country Delight produces and distributes milk intended to provide good quality and unadulterated milk at doorstep.,"Chakradhar Gade, Nitin Kaushal","Orios Venture Partners, Matrix Partners India",25000000.0,Series C
SignalX,2018,2020,False,Hyderabad,AI startup,SignalX offers an artificial intelligence-powered SaaS platform,"Govind Balachandran, Zakir Wahab, Piyush Arora","9Unicorns, 3Lines VC, Hyderabad Angels",800000.0,Seed
Krimanshi,2015,2020,False,Jodhpur,Biotechnology company,Krimanshi aims to increase rural income by improving the productivity of Indian cattle with better quality feed.,Nikhil Bohra,"Rajasthan Venture Capital Fund, AIM Smart City",600000.0,Seed
Instoried,2018,2020,False,Bengaluru,AI startup,Instoried is an augmented writing platform which improves customer interest and engagement.,"Sharmin Ali, Sutanshu Raj","Venture Catalysts, SOSV",1000000.0,Pre-series A
Arata,2017,2020,False,New Delhi,E-commerce,Arata is an e-commerce site for beauty products and cosmetics.,"Dhruv Madhok, Dhruv Bhasin",DSG Consumer Partners,1000000.0,Pre-series A
Nepra,2006,2020,False,Ahmedabad,CleanTech,NEPRA Resource Management provides waste management solutions in India.,Sandeep Patel,"Asha Impact, Aavishkaar Venture Capital",18000000.0,Series C
MindTickle,2011,2020,False,Pune,SaaS platform,MindTickle offers the industry's most comprehensive sales readiness solution for closing knowledge and skill gaps in customer-facing teams.,"Deepak Diwakar, Krishna Depura, Mohit Garg, Nishant Mungali","Canaan Partners, NewView Capital",100000000.0,Debt
Slice,2016,2020,False,Bengaluru,FinTech,Slice is a card for first-time credit card users. They are inventing the future of finance for young Indians,"Deepak Malhotra, Rajan Bajaj","Better Capital, Gunosy",5000000.0,Debt
Rapawalk,2017,2020,False,Bengaluru,E-commerce,Rapawalk is an online brand that offers a personalized service of creating your own shoes.,"Kashif Mohammad, Aravind Maddireddy","Sanjay Ramakrishnan, Ravi Garikipati",300000.0,Seed
Clientjoy,2013,2020,False,Gujarat,SaaS startup,Client Management Software For Modern Agencies.,"Abhishek Doshi, Anupama Panchal, Shashwat Bhatt, Yash Shah","LetsVenture, Jyotsna Bapat",800000.0,Pre-series A
MoooFarm,2019,2020,False,Gurugram,AgriTech,MoooFarm is an information technology company that bridges the technology gap to help marginalized dairy farmers.,"Param Singh, Aashna Singh, Abhijeet Mittal, Jitesh Arora","Navus Ventures, Rockstart",500000.0,Pre-seed
BitClass,2020,2020,False,Bengaluru,PaaS startup,BitClass is a PaaS solution which helps teachers set up their independent live classes,"Gunjan Kejriwal, Utsav Tiwary","AET Japan, Figure Eight Investments, Waterbridge Ventures",2000000.0,Seed
Gonuts,2020,2020,False,Mumbai,Entertainment,Personalised Video shoutouts from favourite celebrity.,"Vinamra Pandiya, Mayank Gupta, Joji George","Sweta Rau, Archana Priyadarshini",400000.0,Seed
Uolo,2013,2020,False,Bengaluru,EdTech,Uolo Technology is founded by paranoid parents who want to make a difference to preschool experience.,"Pallav Pandey, Ankur Pandey, Siddharth Singh","Rajul Garg, Purvi Capital",2000000.0,Seed
Kirana King,2014,2020,False,Jaipur,Retail,"A revolutionary idea of standardization, digitization & centralization to traditional Grocery system.",Anup Kumar,Rajasthan Venture Capital Fund,900000.0,Pre-series A
Ather Energy,2013,2020,False,Bengaluru,Automobiles,Ather Energy is a manufacturer of electric scooters.,"Arun Vinayak, Swapnil Jain, Tarun Mehta",HeroMotoCorp Ltd and Sachin Bansal,35000000.0,Series D
Eggoz,2016,2020,False,Indore,Food & Bevarages,"Eggoz is a brand of fresh and chemical-free eggs, produced in tech-enabled & nutrition-engineered deep integration partnership with farmers.","Abhishek Negi, Aditya Singh, Pankaj Pandey, Uttam Kumar","AVANA Capital, Rebright Partners",1500000.0,Pre-series A
CHARGE+ZONE,2018,2020,False,Gujarat,EV startup,"Charge+Zone provides services in renewable energy solutions, product development, and software engineering company.","Kartikey Hariyani, Pavan Bakeri",Mumbai Angels,3000000.0,Pre-series A
Stones2milestones,2008,2020,False,Gurugram,EdTech,Stones2milestones is India (Delhi) Based EdTech Company,"Kavish Gadia, Nikhil Saraf","Menterra Venture Advisors, Emandi Sankara Rao",2000000.0,Bridge
Udacity,2011,2020,False,California,EdTech,"Udacity develops an online learning platform offering programs in artificial intelligence, machine learning, and robotics sector.","David Stavens, Mike Sokolsky, Sebastian Thrun","Hercules Capital, Inc.Bertelsmann",75000000.0,Debt
AjnaLens,2014,2020,False,Thane,AR/VR startup,"AjnaLens develops AR/VR wearables primarily for the Defence, Education and enterprise customers.","Abhijit Patil, Abhishek Tomar, Pankaj Raut","Mohsin Hani Al Bahrani, MoD",1000000.0,Bridge
Gully Network,2019,2020,False,Bengaluru,E-commerce,Gully Network is a tech-enabled network of mid-sized grocery stores.,"Ajay Nain, Prateek Chaturvedi","CP Ventures, Orios Venture Partners",1200000.0,Pre-series A
TurboHire,2018,2020,False,Hyderabad,Recruitment startup,Talent Intelligence Platform for enterprises that helps recruiters discover the right candidates for a job using a Human-like AI,"Abhishek Kabra, Aman Gour","Kia Ora Ventures, Pentathlon Ventures",1000000.0,Seed
Freshokartz,2016,2020,False,Jaipur,AgriTech,"Freshokartz provides soil data based crop and fertilisers recommendation to farmers and delivery seeds, pesticides","Chandrakanta, Rajendra Lora","Rajasthan Venture Capital Fund, Innovana Thinklabs",1000000.0,Pre-series A
FlexiLoans,2016,2020,False,Mumbai,FinTech,"an online lending platform started with an endeavour to solve the problem that SMEs face in accessing Quick, Flexible and Adequate funds for growing their Businesses.","Abhishek Kothari, Deepak Jain, Manish Lunia, Ritesh Jain",>Vikram Sud,6000000.0,Debt
FreshtoHome,2015,2020,False,Bengaluru,E-commerce,Freshtohome is an e-commerce platform for fresh and chemical-free seafood.,Shan Kadavil,"Ascent Capital, Iron Pillar",121000000.0,Series C
Railofy,2019,2020,False,Mumbai,Transportation,Railofy is a WL & RAC protection that enables waitlisted passengers to reach their destination at the lowest possible price.,"Rohan Dedhia, Vaibhav Saraf, Hrishabh Sanghvi","Roots Ventures, Better Capital",5000000.0,Seed
Teachmint,2020,2020,False,Bengaluru,Edtech,Teachmint is an easy to use platform for tutors to conduct unlimited live classes and manage their classrooms,"Mihir, Payoj Jain, Divyansh Bordia, Anshuman Kumar",Lightspeed India,3500000.0,Seed
Janani,2020,2020,False,Bengaluru,Fertility tech,Janani aims to make the process of infertility treatment and assisted fertilisation easier,Nilay Mehrotra,9Unicorns,200000.0,Pre-seed
Credgenics,2018,2020,False,Gurugram,FinTech,"Credgenics is a tech-enabled platform backed by Titan Capital, helping fintech lenders and Banks in their critical NPA reduction","Anand Agrawal, Mayank Khera, Rishabh Goel","Accel, Sunder Nookala",3300000.0,Seed
Jumbotail,2015,2020,False,Bengaluru,E-commerce,"Jumbotail is solving an important problem of organising food and grocery ecosystem in India through technology, data science and design.","Ashish Jhina, Karthik Venkateswaran",Nexus Venture Partners and 23 High Networth Individuals (HNIs),11000000.0,Series B2
mCaffeine,2015,2020,False,Mumbai,Cosmetics,"MCaffeine is a personal care brand that offers caffein-infused face, body, and hair care products.","Tarun Sharma, Vikas Lachhwani","RPSG Ventures, Amicus Capital",5000000.0,Series B
Pocket FM,2018,2020,False,Bengaluru,FM,Pocket FM is an audiobook & podcast app that brings you over 10K+ popular audiobooks.,Rohan Nayak,"Times Group, Lightspeed",5000000.0,Series A
Jumbotail,2015,2020,False,Bengaluru,Retail,Jumbotail is solving an important problem of organising food and grocery ecosystem in India,"Ashish Jhina, Karthik Venkateswaran","Nexus Venture Partners, Capria Ventures",11000000.0,Series B2
Origo,2010,2020,False,Gurugram,AgriTech,Provider of marketing and warehousing services for agricultural commodities.,"Sunoor Kaul,",Northern Arc Capital,4000000.0,Debt
GetVantage,2019,2020,False,Mumbai,FinTech,GetVantage is India and Southeast Asia's first fintech enabled Revenue-based financing platform.,"Amit Srivastava, Bhavik Vasa, Sachin Tagra, Sachin Tagra","Samyakth Capital, Venture Catalysts",5000000.0,Seed
Betterplace,2015,2020,False,Bengaluru,Tech platform,Developer of a digital verification platform designed to manage the semi-formal workforce.,"Saurabh Tandan, Pravin Agarwala",Jungle Ventures,10000000.0,Series B
Biddano,2016,2020,False,Mumbai,Healthcare,India's 1st tech-enabled healthcare logistics platform.,Talha Shaikh,Windrose Capital,600000.0,Pre-series A
InVideo,2017,2020,False,Mumbai,Video,InVideo enables you to transform your content into great videos.,"Harsh Vakharia, Pankit Chheda, Sanket Shah","Base Partners, Sequoia Capital India",15000000.0,Series A
Arzooo,2016,2020,False,Bengaluru,Retail Tech,"Retail tech platform empowering 300,000+ small retailers in electronics space to compete with big organised players and increase sales","Khushnud Khan, Rishi Raj Rathore","3Lines, Jabbar Internet Group",7500000.0,Series A
Hubilo,2020,2020,False,San Francisco,Tech company,World’s smartest virtual event platform that brings Experience & Intelligence together,"Mayank Agarwal, Vaibhav Jain","Nishant Rao, Jonathan Boutelle",4500000.0,Seed
BASIC Home Loan,2020,2020,False,Gurugram,FinTech,"A platform for automating home loans for middle and low-income households in India,",Atul Monga,Picus Capital,5000000.0,Seed
SUGAR cosmetics,2012,2020,False,Mumbai,Cosmetics,It is a cruelty-free makeup brand providing cosmetics that is high on style and higher on performance.,"Kasuhik Mukherjee, Vineeta Singh","A91 Partners, RB Investments Pte. Ltd",2000000.0,Debt
Tekion,2016,2020,False,San Ramon,AI startup,It is a cloud-built platform with advanced machine learning and AI capabilities for a personalized and seamless consumer experience.,"Guru Sankararaman, Jay Vijayan","Alliance Ventures, Storm Ventures",150000000.0,Series C
EzeRx,2018,2020,False,Kolkata,Medtech,Developer and manufacturer of medical devices,"Amit mandahar, Chaitali roy","Indian Oil Corporation, Krishna Chakravarty",200000.0,Seed
VitalTech,2018,2020,False,Plano,HeathTech,"VitalTech is a develop technologies that empower patients to better care for their safety,",Anjan Panneer Selvam,Tech Mahindra,3000000.0,Seed
Ultraviolette Automotive,2014,2020,False,Bengaluru,Automobiles,Ultraviolette Automotive is a technology startup working on electric two-wheelers and energy infrastructure.,"Narayan Subramaniam, Niraj Rajmohan",TVS Motor Company,4000000.0,Series B
Rare Planet,2015,2020,False,Kolkata,Retail startup,Rare Planet sells handicrafts made by local artisans.,"Ranodeep Saha, Vijay Kumar",Venture Catalysts,400000.0,Pre-series A
InnAccel,2012,2020,False,Bengaluru,Medtech,"A building a portfolio of novel medical devices designed, engineered, and priced for global Emerging Markets.",Siraj Dhanani,Mount Judi Ventures,1500000.0,Pre-series A
HobSpace,2019,2020,False,Mumbai,Edtech,India's Activity Hub for Kids,"Priya Goel Sheth, Harsh Jain",Artha Venture,200000.0,Seed
Supplynote,2015,2020,False,Noida,SaaS startup,Supplynote is India's leading procurement platform with a unique stack of SAAS and E-commerce to solve the procurement problem,"Abhishek Verma, Harshit Mittal, Kumar Kushang, Nitin Prakash","MOX, SOSV",500000.0,Seed
ShopUp,2017,2020,False,Bangaldesh,E-commerce,"ShopUp provides easy access to B2B sourcing, last-mile logistics, digital credit, and business management solutions to small businesses.","Afeef Zaman, Ataur Rahim Chowdhury, Siffat Sarwar","Flourish Ventures, Lonsdale Capital",22000000.0,Series A
Dukaan,2020,2020,False,Mumbai,Tech Startup,Developer of an android application designed for businesses to sell online.,"Subhash Choudhary, Suumit Shah","Lightspeed, Matrix Partners.",6000000.0,Seed
Satyukt,2018,2020,False,Bengaluru,Agri tech,An agritech company that provides business to business (B2B) agricultural data,"Sat Tomer, Yukti Gill","NABVENTURES, Social Alpha (India)",500000.0,Seed
TREAD,2020,2020,False,Bengaluru,Fitness startup,A homegrown fitness startup that aims to advance the 'Fit India' initiative by offering holistic and affordable workouts.,Dinesh Godara,"Better Capital, Kunal Shah, Gaurav Munjal",1100000.0,Pre-seed
Anveshan,2019,2020,False,Bengaluru,FoodTech,Provide quality and healthy food products,"Aayushi Khandelwal, Akhil Kansal, Kuldeep Parewa",Titan Capital,100000.0,Pre-seed
TeaMonk,2016,2020,False,Bengaluru,Food & Bevarages,India's Finest Specialty Tea company.,"Amit Dutta, Ashok Mittal","Lead Angels Network, Roots Ventures",900000.0,Pre-series A
Fleetx,2017,2020,False,Gurugram,Tech Startup,"Fleetx is an intelligent data platform which uses AI, machine learning, sensors and predictive analytics to help fleet owners.","Abhay Jeet Gupta, Parveen Kataria, Udbhav Rai, Vineet Sharma, Vishal Mishra","Rohit Bansal, Rohan Ranavat",3000000.0,Pre-series B
Avataa Me,2014,2020,False,Bengaluru,AR platform,AVATAAR.ME is a deep-tech 3D AR platform which delivers personalized fashion discovery experience to users on mobile devices.,Gaurav Baid,Sequoia Capital India,7000000.0,Series A
Clair,2019,2020,False,New York,FinTech,Clair is a social fintech that provides Instant Pay Access as a Service for human capital management and gig platforms.,"Alex Kostecki, Erich Nussbaumer, Nico Simko","Upfront Ventures, Walkabout Ventures",4500000.0,Seed
Miko,2015,2020,False,Mumbai,AI startup,"Miko is an advanced robotics startup founded by three IIT Bombay post-graduates on the pillars of robotics, AI & IoT.","Chintan Raikar, Prashant Iyengar, Sneh Vaswani","Stride Ventures, YourNest Venture Capital",3000000.0,Pre-series B
Razorpay,2014,2020,False,Bengaluru,FinTech,"Razorpay is a platform that enables businesses to accept, process, and disburse payments.","Harshil Mathur, Shashank Kumar","Tiger Global Management, Sequoia Capital India",100000000.0,Series D
Wow! Momo,2008,2020,False,Kolkata,Food Industry,Wow! Momo is a chain of fast-food restaurants that specializes in momos.,"Binod Kumar Homagai, Sagar Daryani, Shah Miftaur Rahman","Tiger Global Management, William Bissell",5000000.0,Debt
Pepper Content,2017,2020,False,Mumbai,Content marketplace,Pepper Content is a Content-Mediation Platform that connects talented writers to organisations that require content.,"Anirudh Singla, Rishabh Shekhar","Alok Mittal, Manan Maheshwari",4200000.0,Series A
LIVSPACE,2014,2020,False,Bengaluru,Interior Design,"Livspace is an interior design startup that offers a platform that connects people to designers, services, and products.","Anuj Srivastava, Ramakant Sharma, Shagufta Anurag","Mercer Investments, Bessemer Venture Partners",4000000.0,Debt
Acculi Labs,2017,2020,False,Bengaluru,Healthcare,Acculi Labs is a clinical grade smartphone based diagnostic tool,"HariPrasath M., Rupam Das",Startup Basket.,600000.0,Seed
Unnati,2017,2020,False,Noida,AgriTech,A helping hand to the farming community through Artificial Intelligence,"Amit Sinha, Ashok Prasad",NABVENTURES,1700000.0,Pre-series A
Disprz,2015,2020,False,Chennai,Edtech,"Disprz is a one-of-its-kind “knowledge-tech” start-up that strives to make people knowledgeable, productive and smarter at what they do.","Kuljit Chadha, Subramanian Viswanathan","Xseed Partners, InnoVen Capital",1600000.0,Pre-series B
Credit Wise Capital,1994,2020,False,Mumbai,FinTech,CreditWise Capital is a consumer finance company.,"Hirak Joshi, Aalesh Avlani",Venture Catalysts,6000000.0,Seed
Chargebee,2011,2020,False,San Francisco Bay Area,SaaS startup,Chargebee is a PCI Level 1 certified subscription and recurring billing system for SaaS and subscription based eCommerce businesses,"KP Saravanan, Krish Subramanian, Rajaraman Santhanam, Thiyagarajan T","Accel, Steadview Capital",55000000.0,Series F
Ergos,2012,2020,False,Samastipur,AgriTech,Ergos is building an integrated supply chain by setting up micro warehouses.,"Kishor Kumar Jha, Praveen Kumar","Aavishkaar Venture Capital, Chiratae Ventures",5000000.0,Series A
Krishitantra,2017,2020,False,Hyderabad,Soil-Tech,Krishi-Tantra is an Agri-IoT startup building farm automation for controlled agricultural environment.,"Sandeep Kondaji, Vishnuprasada Bhat, Anand Bellan Raman","NABVENTURES, Omnivore",1000000.0,Seed
Monet Networks,2014,2020,False,Irvine,AI startup,Monet Networks Using sentiment and non verbal cues analysis for increased engagement and real time content feedback.,Anurag Bist,"SenseAI Ventures, EvoNexus",500000.0,Bridge
NirogStreet,2016,2020,False,Gurugram,Ayurveda tech,NirogStreet is an Ayurvedic doctor discovery and appointment booking platform where patients can easily find doctors and fix consultation.,Ram N Kumar,"Wavemaker Partners, Subho Ray",2000000.0,Pre-series A
GPS Renewables,2010,2020,False,Bengaluru,Cleantech,To solve the urban waste problem by utilising local technologies and business models.,"Mainak, Sreekrishna","Triodos, Caspian",3000000.0,Series A
Legal Salah,2015,2020,False,Kolkata,LegalTech,Legal Salah is bringing the provision of imparting value based legal and consultancy services to the user.,CA Abhinit Singh,I2I Capitals,1000000.0,Seed
Coralogix,2013,2020,False,San Francisco,SaaS startup,Coralogix is a log analytics SaaS platform that improves the delivery and maintenance process for software providers.,"Ariel Assaraf, Guy Kroupp, Lior Redlus, Yoni Farin","2B Angels, Janvest Capital Partners",25000000.0,Series B
ShipsKart,2018,2020,False,New Delhi,E-commerce,"ShipsKart platform that streamlines the way marine stores are ordered, approved and received on board with the help of technology.","Dhruv Sawhney, Vivek Sahi, Sunny Bagla",Betatron,200000.0,Pre-series A
SquadStack,2014,2020,False,San Francisco,Tech company,"Empowering consumer businesses to improve their sales conversions and funnel efficiency, using Artificial Intelligence & Data Science.","Apurv Agrawal, Kanika Jain, Rishabh Ladha, Vikas Gulati","Chiratae Ventures, Blume Ventures",5000000.0,Series A
Financepeer,2017,2020,False,Mumbai,EdTech,Financepeer is an AI based peer to peer lending platform.,"Debi Prasad Baral, Naveesh Reddy, Rohit Gajbhiye, Sunit Gajbhiye","Ravi Sanghvi, PitchRight Venture",3000000.0,Pre-series A
Cashify,2009,2020,False,Gurugram,E-commerce,Cashify.in is an e-commerce platform for reselling used electronic gadgets.,"Amit Sethi, Mandeep Manocha, Nakul Kumar","Bessemer Venture Partners, CDH Investments",10000000.0,Debt
Etrio,2017,2020,False,Hyderabad,EV startup,"Etrio is an electric vehicle company in India with tata ace electric, Electric Tata ace HT",Deepak MV,HNIs,3000000.0,Series A
StayQrious,2020,2020,False,Bengaluru,EdTech,"Live online coding courses with social learning. Build coding skills, confident communication and leadership skills with your very own coach.","Aanand Srinivas, Avinash Anand, Shankar Ram A",Y Combinator,2000000.0,Seed
Sunstone Eduversity,2014,2020,False,Gurugram,EdTech,India's Only Business School That Offers MBA & PGDM Programs With 100% Placement Assurance.,"Ashish Munjal, Piyush Nangru",Prime Venture Partners,3000000.0,Series A
Infilect,2015,2020,False,Bengaluru,SaaS startup,Infilect Technologies specialises in visual content intelligence by parsing large-scale visual content such as photos and videos,"Anand Prabhu Subramanian, Vijay Gabale","Mela Ventures, 1Crowd",1500000.0,Pre-series A
Samunnati,2014,2020,False,Chennai,Agriculture,Samunnati is a financial service provider focused on agri value chains.,Anil Kumar,"responsAbility, Accel",20000000.0,Debt
Yummy Corp,2017,2020,False,Tangerang,Food Industry,"Yummy Corp is a food & beverages company that provides delicious, fresh, and creative food solutions for everyday corporate and group needs.",Mario Suntanu,"Palm Drive Capital, Amatil X Ventures",12000000.0,Series B
Smallcase,2015,2020,False,Bengaluru,FinTech,Smallcases are portfolios of stocks or ETFs created by India's top financial experts.,"Anugrah Shrivastava, Rohan Gupta, Vasanth Kamath","Sequoia Capital India, Blume Ventures",13400000.0,Series B
Clairvolex,2006,2020,False,California,Tech Startup,Clairvolex is an IP solutions company that manages IP assets of large corporations using an IPAM model.,Manoj Pillai,"JF Mauritius SPV, IndusAge Partners",2000000.0,Debt
Brinton,2014,2020,False,California,HealthTech,Brinton is one of the fastest growing Pharmaceutical Companies spreading its network worldwide.,Rahul Darda,"India Alternatives Private Equity Fund, Tata Capital",1300000.0,Debt
Infarm,2013,2020,False,Berlin,AgriTech,Infarm builds and distributes highly efficient vertical farms throughout cities to grow fresh produce right in your neighbourhood.,"Erez Galonska, Guy Galonska, Osnat Michaeli","Bonnier Ventures, Hanaco Venture Capital",170000000.0,Series C
Zuper,2016,2020,False,Seattle,SaaS startup,Zuper is a productivity suite for service businesses to mobile field workforce and automate all business operations.,Vijay Narasiman,"Gemba Capital, Gunderson Dettmer",1100000.0,Seed
mCaffeine,2015,2020,False,Mumbai,Personal care startup,"MCaffeine is a personal care brand that offers caffein-infused face, body, and hair care products.","Tarun Sharma, Vikas Lachhwani","RPSG Ventures, Amicus Capital",2900000.0,Series B
Origa,2013,2020,False,Andheri,FinTech,The charioteer of your growth at all times.,Shrirang Tambe,"500 Startups, ah! Ventures",2000000.0,Debt
MPL,2018,2020,False,Bengaluru,Entertainment,Mobile Premier League is the mobile e-Sports platform based in India.,"Shubham Malhotra, Sai Srinivas","Base Partners, GO Ventures",90000000.0,Series C
Onsitego,2010,2020,False,Mumbai,Customer service company,Onsitego is a customer service company for device and appliance repairs.,Kunal Mahipal,"Accel, Zodius Capital",30000000.0,Series B
SmartClean,2017,2020,False,Singapore,Tech Startup,SmartClean Technologies is an AI company that offers data-driven cleaning operations designed for facilities.,"Abhishek Mishra, Kush Agarwal, Lav Agarwal, Stella Hu","Seeds Capital, AIM Smart City",3400000.0,Pre- series A
Servify,2015,2020,False,Mumbai,Service industry,Servify is a self-learning platform that provides device management services and warranty solutions.,Sreevathsa Prabhakar,"Blume Ventures, Tetrao",23000000.0,Series C
ShareChat,2015,2020,False,Bengaluru,Social media,ShareChat is a social networking and regional content platform.,"Ankush Sachdeva, Bhanu Pratap Singh, Bhanu Singh, Farid Ahsan","Lightspeed venture partners, saif partners",40000000.0,Pre-series C
Rephrase.ai,2018,2020,False,Bengaluru,AI,Rephrase.ai helps in creating high-quality videos and animations through an AI-powered visual dubbing tool.,"Ashray Malhotra, Nisheeth Lahoti, Shivam Mangla","Techstars Bangalore Accelerator, Techstars",1500000.0,Seed
Melorra,2015,2020,False,Bengaluru,Jewellery,"Buy Latest Gold, Diamond & Gemstone Jewellery Designs Online Rings, Earrings, Necklace","Saroja Yeramilli, R Krishnakumar","Shadows Holdings, Lightbox",8090000.0,Debt
FabHotels,2014,2020,False,Gurugram,Hospitality,FabHotels is a network of 3 star budget hotels in India,"Adarsh Manpuria, Vaibhav Aggarwal","RB Investments Pte. Ltd, Goldman Sachs",1030000.0,Series B
EkAnek,2018,2020,False,New Delhi,Tech Startup,EkAnek Networks is a new startup that is focused on building the ecosystem for new age brands in lifestyle categories,"Chandranshu Sinha, Kartik Sheth","Lightspeed India Partners, Sequoia Capital India",5040000.0,Edge
Cub McPaws,2018,2020,False,Mumbai,AR startup,Cub McPaws is a kids clothing brand.,"Shah, Abhay Bhat",Venture Catalysts,800000.0,Pre-series A
Zimyo,2018,2020,False,Gurugram,HR Tech startup,Employee experience platform that empowers organizations to manage and retain great talent!,"Ajay Kadyan, Kumar Mayank","Abhishant Pant, Chiranth Patil",1500000.0,Seed
Moms Co,2016,2020,False,Gurugram,HealthCare,The Moms Co. creates a safe and natural formulated products for babies that are certified toxin-free,"Malika Datt Sadani, Mohit Sadaani","DSG Consumer Partners, Saama Capital",8000000.0,Series B
DillyHub,2018,2020,False,Seoul,Publication,A service that promotes and facilitates the works of independent comic artists,Ji Cheol Ryu,"Kakao Ventures, Shinhan Capital",1400000.0,Seed
FPL Technologies,2019,2020,False,Pune,FinTech,FPL is on a mission to re-imagine credit and payments from first principles and is building a mobile-first credit card,"Anurag Sinha, Rupesh Kumar, Vibhav Hathi","Matrix Partners India, Hummingbird Ventures",10000000.0,Series A
FITTR,2016,2020,False,Pune,Fitness startup,Fitness Social Network & Consultation Platform that helps you achieve your Health & Fitness goals.,"Jitendra Chouksey, Sonal Singh, Jyoti Dabas, Bala Krishna Reddy, Rohit Chattopadhyay.",Surge,2000000.0,Pre-series A
Illumnus,2018,2020,False,Pune,EdTech Startup,"An innovative EdTech startup from IITB & BITS alumni, offering B2B SaaS-based collaborative LMS for Schools and Universities","Akash Deep Singhal, Akshaya Singhal, Devashish Saxena, Gauri Dehnkar",23 High Networth Individuals (HNIs).,100000.0,Seed
CashKaro,2012,2020,False,Gurugram,E-commerce,Cashkaro is a coupons and cashback site rewarding customers for visiting online retailers through their site.,"Rohan Bhargava, Swati Bhargava","Ratan Tata, Kalaari Capital",10000000.0,Series B
Newton School,2019,2020,False,Bengaluru,EdTech Startup,Newton School is a platform to learn and develop skills,"Nishant Chandra, Siddharth Maheshwari",Nexus Venture Partners,650000.0,Seed
Airmeet,2019,2020,False,Bengaluru,Tech Startup,"Airmeet is an all-in-one events platform for virtual summits, meetups, and workshops that includes virtual social lounge","Lalit Mangal, Manoj Singh, Vinay Kumar Jasti","Global Founders Capital, Redpoint",12000000.0,Series A
Observe ai,2017,2020,False,San Francisco,Tech,"Observe.AI develops a voice AI platform for contact centers, turning agents into top performers.","Akash Singh, Sharath Keshava Narayana, Swapnil Jain","01 Advisors, Steadview Capital",54000000.0,Series B
InCred,2016,2020,False,Mumbai,Finance,"Provide loans for all your needs like personal loan for wedding, education loan, business loan",Bhupinder Singh,"Pushpak Credit, Fiscal",5000000.0,Debt
Toppr,2013,2020,False,Mumbai,EdTech,Toppr is an Indian educational technology and online tutoring firm,"Zishaan Hayath, Hemanth Goteti","Kaizenvest, Foundation Holdings",35000000.0,Series D
CarTrade,2009,2020,False,Mumbai,Car Trade,Buy and Sell Used Cars,Vinay Sanghi,"Pincus, JP Morgan, Temasek, March Capital",42500000.0,Series H
LEAD School,2012,2020,False,Mumbai,EdtTech,Offers a high-end digital classroom system focused on enhancing the learning experience,"Sumeet Mehta, Smita Deorah","Westbridge Capital, Elevar Equity",28000000.0,Series C
Servify,2015,2020,False,Mumbai,Manufacturing,"Enables top OEMs & ODMs in device distribution, sales, warranty",Sreevathsa Prabhakar,"Blume Ventures, Tetrao",11370000.0,Series C
Lido Learning,2019,2020,False,Mumbai,EdTech,"Online classes for Std 4-9 in Math, Science, Coding, English & Leadership with top 1% tutors ?",Sahil Sheth,"BAce Capital, Madhur Deora",7500000.0,Series B
Apna.co,2019,2020,False,Bengaluru,Job portal,Can find all types of jobs from entry level to experienced people in over 60+ categories.,Nirmit Parikh,"Lightspeed India, Sequoia Capital India",8000000.0,Series A
Quintype Technologies,2014,2020,False,Bengaluru,Tech,"Building a suite of digital publishing solutions to simplify content creation, distribution",Amit Rathore,"IIFL Asset Management, Raghav Bahl",325000.0,Series A
Dunzo,2014,2020,False,Bengaluru,Tech,Order online and get free delivery from your nearby restaurants,"Kabeer Biswas, Ankur Agarwal, Dalvir Suri, Mukund Jha","Wes Schwalje, Alteria Capital",28000000.0,Series E
Entropik,2016,2020,False,Bengaluru,AI Platform,Gain insights into human emotions with AI-powered platform affect lab.,Ranjan Kumar,"IDFC-Parampara Fund, Bharat Innovation Fund",8000000.0,Series A
Livspace,2014,2020,False,Bengaluru,Home Design,Interior design marketplace that connects interior designers,"Anuj Srivastava, Ramakant Sharma","Mercer Investments, Nicholas Cator",9000000.0,Series D
Ultraviolette Automotive,2015,2020,False,Bengaluru,Automation,Industries Automotive Electric Vehicle Energy Energy Storage,"Narayan Subramaniam, Niraj Rajmohan",TVS Motor Company,410000.0,Series B
WinZO,2016,2020,False,New Delhi,Gaming,WinZO is a mobile e-Sports gaming platform in India. It is available in 10 regional languages of India.,"Paavan Nanda, Saumya Singh Rathore","Makers Fund, Courtside Ventures",18000000.0,Series B
SenseHawk,2016,2020,False,Bengaluru,Solar SaaS,SenseHawk is a SaaS platform that helps improve processes and saves cost in the development,"Swarup Mavanoor, Rahul Sankhe","Falcon Edge Capital, SAIF Partners",5000000.0,Series A
Railofy,2019,2020,False,Mumbai,WL & RAC protection,Enables waitlisted passengers to reach their destination at the lowest possible price if their ticket is not,"Rohan Dedhia, Vaibhav Saraf, Hrishabh Sanghvi",Chiratae Ventures.,900000.0,Seed
Aibono,2014,2020,False,Bengaluru,AgriTech,A next dimension food & farming platform that unites two ends of the food chain from growing to consuming,Vivek Rajkumar,"Menterra Venture Advisors, Rianta Capital",2000000.0,Pre-series A
BuildPan,2019,2020,False,Indore,SaaS startup,"Buildpan helps you with continuous build, development and user feedback for iOS and Android development.","Sonal Dandotia, Shantanu S, Virendra Chouhan, Vaibhav Tiwari","Sunil Kumar Singhvi, Yusho Kawata",500000.0,Seed
Homelane,2014,2020,False,Bengaluru,Home interior services,Explore 1000's of fully customizable home interior designs.,"Rama Harinath, Srikanth Iyer","Accel Partners, Sequoia Capital, Evolvence India, JSW Ventures",8000000.0,Bridge
MyGlamm,2015,2020,False,Mumbai,Fashion,Buy Makeup kit & Cosmetics Products from international makeup brand,Darpan Sanghvi,Bessemer Venture Partners,1000000.0,Series B
Aviom,2016,2020,False,New Delhi,Finance,A social impact focused housing finance company catering to housing needs of customers in semi urban areas,Kajal Ilmi,"Insitor Partners, C4D Partners",682000.0,Debt
Flinto,2013,2020,False,Chennai,EdTech Startup,Flintobox is an India-based company that produces educational activity boxes for children,"Arunprasad Durairaj, Vijaybabu Gandhi, Shreenidhi Srirangam","Sinai Ventures, Y Combinator",7000000.0,Pre-Series B
WayCool,2015,2020,False,Chennai,Agritech startup,WayCool is a social enterprise positively impacting the lives of India's farmers,"Karthik Jayaraman, Sanjay Dasari","FMO, IndusInd Bank",5060000.0,Series C
YAP,2014,2020,False,Chennai,API platform,Create your own stream of Neo-banking and Deposit products using our bank-grade APIs,"Madhusudanan R, Prabhu R","Jitendra Gupta, Better Capital",4050000.0,Series A
Big Bang Boom Solutions,2018,2020,False,Chennai,Deep Tech,It aims to co-create intellectual property that can reside within the borders of the country.,"Dr. R. Shivaraman, Praveen Dwarakanath","Mumbai Angels, Defence Innovation Organisation",1050000.0,Series A
GUVI,2014,2020,False,Chennai,EdTech Startup,Operates vernacular-language based education tech startup,Arun Prakash,"CBA Capital, Gray Matters Capital",800000.0,Series A
BluSmart,2019,2020,False,Gurugram,Electricity,"BluSmart, an all-electric ride-hailing platform","Anmol Singh Jaggi, Punit K Goyal","Kalpavriksh, JITO Angel Network",7000000.0,Pre-series A
MPL,2018,2020,False,Bengaluru,Entertainment,Mobile Premier League (also known as MPL) is the mobile e-Sports platform,"Sai Srinivas Kiran Garimella, Shubham Malhotra","Sequoia Capital India, Times Internet",50000000.0,Series B
Spoonshot,2015,2020,False,Bengaluru,FMCG,A food science company using AI to predict consumer taste and food trends,"Kishan Vasani, Sai Sreenivas Kodur","SRI Capital, Techstars Farm to Fork Accelerator",1000000.0,Seed A
Groww,2016,2020,False,Bengaluru,FinTech,Leading Investment and Trading Platform,"Lalit Keshre, Harsh Jain, Neeraj Singh, Ishan Bansal","Y Combinator, Ribbit Capital",30000000.0,Series C
i3 Systems,2016,2020,False,Mumbai,Insurance Tech,Transforming India's health insurance industry with its digital solutions and AI products for automation,"Dr Mallesh Bommanahal, Varzavand Batliwala","Hatanaka Yosuke, Minomiya Takeo",1050000.0,Pre-series A
SOAL,2017,2020,False,Mumbai,EdTech,"A skill-tank nurturing students into disruptive, tech-empowered creators and future leaders","Pratik Agarwal, Raj Desai, Varsha Bhambhani","Krishnan Menon, Srinivas Kollipara",1000000.0,Series A-1
OckyPocky,2015,2020,False,Gurugram,EdTech,Ockypocky helps kids in learning spoken english,Amit Agrawal,"SucSEED Venture Partners, ah! Ventures",400000.0,Seed
Hippo Video,2016,2020,False,New York,Video personalization,Helps enterprise businesses achieve their marketing and sales goals through seamless video,Karthi Mariappan,"Surge, Kae Capital",4000000.0,Series A
Hasura,2017,2020,False,San Francisco,Software Company,"Builds developer tooling products, including open source tools, backend","Tanmai Gopal, Rajoshi Ghosh","Nexus Venture Partners, Sam Lambert",25000000.0,Series B
Qapita,2019,2020,False,Singapore,FinTech,Qapita provides digital equity management tools for private companies and startups.,"Ravi Ravulaparthi, Lakshman Gupta, Vamsee Mohan","Alto Partners, Mission Holdings",1080000.0,Seed
Sunday,2017,2020,False,Bangkok,FinTech,An end-to-end insurance products and services provider that uses AI to offer personalized packages.,Cindy Kua,"SCB 10X, LINE Ventures",9000000.0,Pre-Series B
Gamezop,2015,2020,False,Gurugram,Gaming,A multi-game platform,"Yashash Agarwal, Gaurav Agarwal","Powerhouse ventures, Tracxn,",4300000.0,Series A
Phool.co,2017,2020,False,Kanpur,Biomaterial startup,They use flowers from temples across India's and create useful products such as rose incense cone,Ankit Agarwal,Kaplan Foundation,1400000.0,Pre-series A
IDfy,2011,2020,False,Mumbai,IT,IDfy provides risk and fraud solutions,"Ashok Hariharan, Vineet Jawa","Millenna FVCI III, NB Ventures, Dream Incubator",2110000.0,Series A
MechMocha,2011,2020,False,Bengaluru,Entertainment,India's first vernacular social gaming platform,"Arpita Kapoor, Mohit Rangaraju, Shilp Gupta","Accel India, Blume Ventures, 3F Ventures, Akatsuki Inc",292000.0,Series A
Tracxn,2013,2020,False,Bengaluru,Investment,Tracxn is the research partner for Venture Capitalist,"Abhishek Goyal, Neha Singh","Saif partners, Accel partners, Sequoia capital",887000.0,Series B
CredoLab,2015,2020,False,Singapore,Tech,AI credit scoring platform,Peter Barcak,"GB Group, Walden International",7000000.0,Series A
Brick&Bolt,2018,2020,False,Bengaluru,Construction,"A construction company doing house construction, building construction, commercial construction","Arpit Rajpurohit, Jayesh Rajpurohit","Meghna Agarwal, Navin Dhanuka",2200000.0,Series A
Bikayi,2019,2020,False,Hyderabad,E-commerce,Provides free whatsapp integrated E-Commerce Store,"Sonakshi Nathani, Ashutosh Singla",Mantis ventures,2000000.0,Seed round
TrulyMadly Matchmakers,2014,2020,False,Gurugram,Dating app,One of the best dating Apps in India connecting singles across the country.,Snehil Khanor,"AngelList, Inflection Point Ventures, The Chennai Angels",110000.0,Pre-series A
TrueFan,2020,2020,False,Mumbai,Media,Enables users to play quizzes around celebrities and winners get a personalised video message from stars.,"Nimish Goel, Nevaid Aggarwal, Devender Bindal","Mayfield India, Saama Capital, Ronnie Screwvala",4300000.0,Seed round
Avail Finance,2017,2020,False,Bengaluru,Fintech,Instant online loan app,"Ankush Aggarwal, Tushar Mehndiratta","Alphawave, Matrix Partners",11635000.0,Series B
Virohan,2018,2020,False,Gurugram,Healthcare/Edtech,Healthcare training company,"Kunaal Dudeja, Nalin Saluja, Archit Jayaswal","Keiretsu Forum, Elea Foundation",2800000.0,Seed Round & Series A
LEAD School,2012,2020,False,Mumbai,EdTech,Offers an integrated system for schools by helping them digitize the entire curriculum,"Sumeet Yashpal Mehta, Smita Deorah","WestBridge Capital, Elevar Equity",28000000.0,Series C
Trell,2016,2020,False,Bengaluru,Social e-commerce,Allows users to share their travel experiences,"Pulkit Agrawal, Prashant Sachan, Arun Lodhi, Bimal Kartheek Rebba, Nirav Sheth","KTB Network, Samsung Ventures, Ankur Nagpal, Gokul Rajaram, Vineet Buch",11000000.0,Series A
Captain Fresh,2019,2020,False,Bengaluru,Food & Logistics,Sea food Supply chain,Utham Gowda,Ankur Capital,2300000.0,Pre Series A
Pixxel,2019,2020,False,Bengaluru,SpaceTech,Indian Earth observation startup,"Kshitij Khandelwal, Awais Ahmed","Lightspeed India Partners, Blume Ventures, GrowX ventures",5000000.0,Seed round
SmarterBiz,2014,2020,False,Bengaluru,Tech,An end-to-end CX platform enabled with the gig workforce,"Rajesh Bernard, Vijay Krishna, Prateek Mehta","StartupXseed Ventures, Bhaskar Pramanik, MJ Aravinf, Ravi Viswanath, Ramesh Radhakrishnan, Ranjan Biswas, MJ Aniketh.",1065000.0,Pre Series A
Masai School,2019,2020,False,Bengaluru,EdTech,It trains tech aspirants in full stack wed and android development,"Prateek Shukla, Nrupul Dev, Yogesh Bhat","Unitus Ventures, India Quotient, AngelList India",2500000.0,Series A
LendingKart,2014,2020,False,Ahmedabad,Fintech,Provides working capital loans and business loans to MSMEs,"Public banks, Private lenders","Fullerton Financial Holdings, Bertelsmann India Investments, Sistema Asia Fund, IndiaQuotient",16076000.0,Series D
Text Mercato,2015,2020,False,Bengaluru,Unknown,Cataloguing startup that serves ecommerce platforms,"Kiran Ramakrishna, Subhajit Mukherjee",1Crowd,649600.0,Series A
GrayQuest,2017,2020,False,Mumbai,EdTech,Enables parents to pay their annual education fees in up to 12 monthly installments,Rishab Mehta,Foundation Holdings,1000000.0,Pre Series A
BigHaat,2015,2020,False,Bengaluru,Agritech,Agri-inputs ecommerce player,"Sateesh Nukala, SachinNandwana","Ankur Capital, Beyond Next Ventures",2000000.0,Pre Series A
CityCash,2017,2020,False,Mumbai,Fintech,Focusses on creating a transit led micro-payments ecosystem,Vineet Toshniwala,Orios Venture Partners,1000000.0,Seed round
HomeLane,2014,2020,False,Chennai,Interior design,Provides interior designing solutions,"Srikanth Iyer, Rama Harinath","Evolvence India Fund (EIF), Pidilite Group, FJ Labs",1000000.0,Series D
HungerBox,2015,2020,False,Bengaluru,Foodtech,"Offers B2B tech platform to corporates, aimed at improving the operations of their cafeterias","Sandipan Mitra, Uttam Kumar",IIFL Income Opportunities Fund,6700000.0,Series C
Eduvanz,2016,2020,False,Mumbai,Fintech,Digital finance NBFC that provides affordable education loans,"Varun Chopra, Raheel Shah",Sequoia India,5000000.0,Series A
DocSumo,2019,2020,False,Mumbai,AI,Platform helps to automate and analyse financial data,"Rushabh Sheth, Bikram Dahl","Better Capital, TechStars, Barclays.",220000.0,Seed round
Chingari,2018,2020,False,Bengaluru,Media,Short video platform,"Biswatma Nayak, Siddharth Gautam","AngelList India, Utsav Somani, Village Global, LogX Ventures, Jasminder Singh Gulati",1300000.0,Seed round
Rebel Foods,2011,2020,False,Mumbai,Food tech,Cloud kitchen platform,"Jaydeep Barman, Kallol Bannerjee",Coatue Management,26500000.0,Series E2
Hevo,2017,2020,False,Bengaluru,Tech,Data pipeline startup,"Manish Jethani, Sourabh Agarwal","Qualgro, Lachy Groom",8000000.0,Series A
BigSpoon Foods,2019,2020,False,Ahmedabad,Foodtech,Cloud kitchen startup,"Kapil Mathrani, Rohan Bhatt, Poojan Thakkar","Urmin Family Office, Lemonade Ventures, TrueValue Group MD Yash Shah",2000000.0,Pre series A
Toppr,2013,2020,False,Mumbai,Edtech,It provides AI-based after school learning app for K12,Zishaan Hayath,Foundation Holdings,46761000.0,Series D
Pickright Technologies,2019,2020,False,Bengaluru,Fintech,Marketplace for stock market investors and advisors,"Archana Elapavuluri, Namandeep Bhatia, Siddharth Panjwani","Sanjay Mehta, Vikram Pandya, Gaurav Gupta, Vivel Srivatsav, Madhavi Bollipalli, Srinivas Paanem, Satish Bogullu",175000.0,Seed Round
Entri,2017,2020,False,Kochi,Edtech,Local language learning startup,Mohammed Hisamuddin,Good Capital,1700000.0,Pre series A
Ather Energy,2013,2020,False,Bengaluru,Automobile,Electric scooter manufacturer,"Tarun Mehta, Swapnil Jain",Hero MotoCorp,11241000.0,Series C
Vegrow,2020,2020,False,Bengaluru,Agritech,It is building an asset-light farm by partnering with small farms on a profit-sharing model,"Praneeth Kumar, Shobhit Jain, Mrudhukar Batchu, Kiran Naik","Matrix Partners India, Ankur Capital",2500000.0,Seed Round
StyleDotMe,2014,2020,False,Gurugram,Fashion Tech,"mirrAR, helps jewellers sell jewellery with no physical inventory","Meghna Saraogi, Akhil Tolani",Survam Partners,467000.0,Pre series A
Vedantu,2011,2020,False,Bengaluru,Edtech,Onine learning platform,"Saurabh Saxena, Pulkit Jain, Anand Prakash, Vamsi Krishna",Coatue,100000000.0,Series D
Magicpin,2015,2020,False,Gurugram,Unknown,"It is a local discovery, rewards, and commerce platform","Anshoo Sharma, Brij Bhushan",Samsung Venture Investment Corporation,7000000.0,Series D
Yumlane,2016,2020,False,Mumbai,Cloud Kitchen,Online retailer that offers a range of on-the-go hot snacking and meals,Hitesh Ahuja,Jetty Ventures,1000000.0,Pre series A
Plum,2019,2020,False,Bengaluru,Healthtech,Provides health benefits to corporates,"Abhishek Poddar, Saurabh Arora",Incubate Fund,927000.0,Seed Round
IncNut Digital,2011,2020,False,Hyderabad,Ecommerce,Owns and Operates two women-centric digital media platforms -- Stylecraze.com and Momjunction.com,"Chaitanya Nallan, Sangram Simha, Veerendra Shivhare",RPSG Ventures,4000000.0,Series A
GigIndia,2017,2020,False,Pune,Tech,Marketplace that provides on-demand work completion for companies through workforce of jobseekers,"Sahil Sharma, Aditya Shirole",Incubate Fund India,971000.0,Pre series A
Cuemath,2013,2020,False,Bengaluru,Edtech,It helps students to learn math online,Manan Khurma,Trifecta Capital,2888000.0,Series B
Blue Sky Analytics,2018,2020,False,Gurugram,Data Intelligence,"It is building AI-powered infrastructure to analyse air quality, pollution etc","Abhilasha, Kshitij Purwar","Beenext, Rainmatter CApital Pvt Ltd, Stanford Angels & Entrepreneurs",1200000.0,Seed Round
Decentro,2020,2020,False,Bengaluru,Fintech,Automated API-based platform that enables financial integrations.,Rohit Taneja,Y Combinator,15500000.0,Series A
Zolostays,2015,2020,False,Bengaluru,Co-living,It offers affordable housing apartments to young professionals and students,"Akhil Sikri, Nikhil Sikri, Sneha Choudhry","Investcorp, Nexus Venture Partners, Mirae Assets, Trifecta Capital",56000000.0,Series C
Frontier Markets,2011,2020,False,Jaipur,Ecommerce,Women entreprenuers sells products and services to rural India,Ajaitha Shah,"ENGIE RAssembleurs d'Energies, The Rise Fund, and The Singh Family Trusts,Teja Ventures, Beyond Capital Fund.",2250000.0,Pre series A
Aye Finance,2014,2020,False,Gurugram,Fintech,A finance lender to SMEs,"Vikram Jetley, Sanjay Sharma",Invest in Vision,16753000.0,Series E
Inspektlabs,2019,2020,False,New Delhi,AI,Focuses on building computer vision products for physical asset inspections,"Devesh Trivedi, Sanchit","Better Capital, Titan Capital",600000.0,Pre series A
Big Bang Boom Solutions,2018,2020,False,Chennai,Defense tech,It developed integrated intellectual properties for defense,"Praveen Dwarkanath, Dr. Shivaraman Ramaswamy",Mumbai Angels Network,1000000.0,Series A
Flinto,2013,2020,False,Chennai,Edtech,It is an educational subscription-box focussed at activity-based learning for the ages 2-12,"Vijay Babu Gandhi, Shreenidhi Srirangam, Arunprasad Durairaj",Lightbox Ventures,7200000.0,Pre series B
Zetwerk,2018,2020,False,Bengaluru,Marketplace,B2B marketplace that connects manufacturing companies for industrial equipements,"Amrit Acharya, Srinath Ramakkrushnan, Vishal Chaudhary",Greenoaks,21000000.0,Series C
ChitMonks,2016,2020,False,Hyderabad,Fintech,Offers enterprise private platform for chit fund firms,Pavan Adipuram,Unicorn India Ventures,650000.0,Pre series A
High Street Essentials,2012,2020,False,New Delhi,Ecommerce,The parent company of women's fashion brands FabAlley and Indya,"Shivani Poddar, Tanvi Malik","SAIF Partners, India Quotient",2743000.0,Pre series C
Slice,2016,2020,False,Bengaluru,Fintech,A financial platform for youngsters,Rajan Bajaj,Gunosy,6082000.0,Pre series B
Aye Finance,2014,2020,False,Gurugram,Fintech,A finance lender to SMEs,"Vikram Jetley, Sanjay Sharma","Capital G, Alphabet's Independent growth fund",27700000.0,Series E
Instasolv,2019,2020,False,Noida,Edtech,It is a doubt-solving app for students from Class 6 to 12,"Aditya Singhal, Nishant Sinha, Bahul Arora",Undisclosed,2000000.0,Pre series A
Jai Kisan,2017,2020,False,Mumbai,Fintech,A platform that caters the need of customers in rural areas,"Arjun Ahluwalia, Adriel Maniego","Arkam Ventures, Nabventures",3937000.0,Pre series A
Waycool,2015,2020,False,Chennai,Agritech,Food development and distribution services,"Karthick Jayraman, Sanjay Dasari",Induslnd Bank,5500000.0,Series C
HealthPlix,2016,2020,False,Bengaluru,Healthtech,It provides clinical software for doctors,"Raghuraj Sunder Raju, Prasad Basavaraj, Sandeep Gudibanda","JSW Ventures, Chiratae Ventures, Kalaari Capital",6000000.0,Series B
YoloBus,2019,2020,False,Gurugram,Mobility/Transport,Intercity bus service startup,"Shailesh Gupta, Mukul Shah",Nexus Venture Partners,3300000.0,Series A
Pocket52,2017,2020,False,Bengaluru,Gaming,An online poker playing platform,Nitesh Salvi,Gameskraft,1750000.0,Series A
Wooden Street,2015,2020,False,Jaipur,Ecommerce,It enables to order custom furniture online,"Lokendra Ranawat, Dinesh Pratap Singh, Virendra Ranawat, Vikas Baheti",IAN Fund,3000000.0,Series A
BankBazaar,2008,2020,False,Chennai,Fintech,Online marketplace that gives customers instant customised offers on loans and credit cards,"Adhil Shetty, Arjun Shetty, Rati Shetty,",WSV Capital,5967000.0,Series D1
Cube Wealth,2018,2020,False,Mumbai,SaaS,A digital wealth management services,"Satyen Kothari, Beenext, Asuka Holding","Beenext, Asuka Holding",500000.0,Mid series
IVF Access,2019,2020,False,Bengaluru,Healthtech,It provdes IVF treatments,"Naresh Rao, Nikhil Rajmohan, Harinath Chakravarthy, Pravin Sethuraman",Vertex Ventures SEA & India,5000000.0,Series A
Hoi Foods,2017,2020,False,New Delhi,Foodtech,Quality food solution,Indrajeet Roy,Crowd Fund,2000000.0,Pre series A
LendingKart,2014,2020,False,Ahmedabad,Fintech,Provides working capital loans and business loans to MSMEs,"Harshvardhan Lunia, Mukul Sachan","Fullerton Financial Holdings, Bertelsmann India Investments, Sistema Asia Fund, IndiaQuotient",11363000.0,Series D
Eggoz,2017,2020,False,Bihar,Agritech,"Provides technology backed, deep integration services to egg farmers",Uttam Kumar,"Tracxn Labs, Angellist, Tri-Deep Capital",329000.0,Seed Round
Intello Labs,2016,2020,False,Gurugram,"Supply chain, Agritech",Standardisation and Quality control of fruits & vegetables,"Milan Sharma, Nishant Mishra, Himani Shah, Devendra Chandani",Saama Capital,5900000.0,Series A
SirionLabs,2012,2020,False,Gurugram,SaaS,"Provides procurement, outsourcing services & contract management software",Ajay Agrawal,"Tiger Global, Avatar Growth Capital",44000000.0,Series C
Refrens,2019,2020,False,Bengaluru,SaaS,"Offers a free invoicing, payments and expense management system","Naman Sarawagi, Mohit Jain","Vijay Shekhar Sharma, Anupam Mittal",1000000.0,Seed Round
Vernacular ai,2016,2020,False,Bengaluru,AI,It offers Multiligual AI platform,"Gupta, Akshay Deshraj, Manoj Sarda","Exfinity Ventures, IAN Fund",5100000.0,Series A
Rooter,2016,2020,False,New Delhi,Gaming,Live sports engagement platform,"Piyush, Dipesh Agarwal","Paytm, leAD Sports, Rockstud Capital, Founder Bank Capital",1700000.0,Pre series A
Pratilipi,2014,2020,False,Bengaluru,Media,A digital platform that connects readers and writers in various languages,"Ranjeet Pratap Singh, Sankaranarayanan Devarajan, Sahradayi Modi, Rahul Ranjan, Prashant Gupta",Tencent,9400000.0,Series C
Classplus,2008,2020,False,New Delhi,Edtech,"It provides mobile-first software for coaching institutes, tuition centres and private tutors","Mukul Rustagi, Bhaswat Agarwal",RTP Global,8200000.0,Series B
MYSUN,2015,2020,False,New Delhi,Tech,Platform for rooftop solar energy solutions,"Gagan Vermani, Divyanshu Sachdev, Gyan Prakash Tiwari",Undisclosed,4257000.0,Pre series A
Convosight,2019,2020,False,Hyderabad,Data Analytics,It helps business gain insights from its community on Facebook groups,"Tarun Dhamija, Kartik Bansal","IvyCap Ventures, Sequoia Capital",4000000.0,Pre series A
Bira91,2015,2020,False,Bengaluru,Beverage,Craft beer maker,Ankur Jain,"Sequoia Capital, Sofina",20000000.0,Series C
Guvi Geek Network Pvt Ltd,2014,2020,False,Chennai,Edtech,Operates vernacular-language based education,"SP Balamurugan, Arun Prakash, Sri Devi",Education Catalyst Fund,786000.0,Pre series A
LoadShare,2017,2020,False,Bengaluru,Logistics,Provides technology based solutions to SMEs in logistics,"Raghuram Talluri, Tanmoy Karmakar, Rakib Ahmed",CDC Group,2004000.0,Series B
Spintly,2017,2020,False,Goa,IoT,It is a wireless cloud-based access control system,"Rohin Parkar, Malcolm Dsouza",Saltwater Venture Sparks,248000.0,Pre series A
Aavenir,2019,2020,False,Ahmedabad,SaaS,Source-to-Pay Software,Ashish Bhandari,Accel,2000000.0,Seed Round
BankBazaar,2008,2020,False,Chennai,Fintech,Online marketplace that gives customers instant customised offers on loans and credit cards,"Adhil Shetty, Arjun Shetty, Rati Shetty,","Amazon, Sequoia, Walden SKT Venture Fund",3800000.0,Series D
Porter,2014,2020,False,Mumbai,Logistics,Logistics and fleet management,"Pranav Goel, Uttam Digga",Lightstone Global Funds,18370000.0,Series D
Capital Float,2013,2020,False,Bengaluru,Fintech,Online platform that provides working capital finance to SMEs,"Gaurav Hinduja, Sashank Rishyasringa","Amazon Inc`, Dinesh J Hinduja",4800000.0,Series F
Swiggy,2014,2020,False,Bengaluru,Foodtech,Platform to order food online from restaurants and getting it delievered,"Nandan Reddy, Sriharsha Majety, Rahul Jaimini","Tencent, Ark Impact, Korea Investment Partners, Samsung Ventures, Mirae Asset Capital Markets",43000000.0,Series A
Fingpay,2016,2020,False,Mumbai,Fintech,Provides payment solutions,"Pratyush Halen, Anuraag Agrawal",IvyCap Ventures,3500000.0,Series A
Recko,2017,2020,False,Bengaluru,SaaS,The platform enables AI-powered reconciliation of digital transactions,"Prashant Border, Saurya Prakash Sinha",Vertex Ventures,6000000.0,Series A
Kitchens Centre,2019,2020,False,New Delhi,Unknown,Offers solutions to cloud kitchens by providing commercial space and kitchen infrastructure to assisting with branding and other services,Lakshay Jain,AngelList India,500000.0,Seed Round
MedGenome,2013,2020,False,Bengaluru,Healthtech,Genetic diagnostic testing company,Sam Santhosh,LeapFrog Investments,55000000.0,Series D
CureFit,2016,2020,False,Bengaluru,Health and Fitness,"Integrated platform for food, fitness and meditation.","Mukesh Bansal, Ankit Nagori",Temasek,115000000.0,Series D
Imstrong,2019,2020,False,Bengaluru,Fitness,It is an online and live video-streaming platform that allows trainers and fitness enthusiasts to connect and engage in interactive online classes.,"Dilip Kumar, Selvan Thamarai, Deepti Nair",Rainmatter,400000.0,Seed Round
Shadez,2018,2020,False,Mumbai,Interior & decor,Paint Company,"Adarsh Anand, Amit Tiwari",Inflection Point Ventures,100000.0,Seed Round
Stanplus,2016,2020,False,Hyderabad,Healthtech,Ambulance service,Prabhdeep Singh,Pegasus FinInvest,1500000.0,Pre series A
CoreStack,2016,2020,False,Chennai,Technology,Enterprise cloud governance technology startup,"Ezhilarasan Natarajan, Sabapathy Arumugam, Krishnakumar Narayanan, Thiruvalluvar NB",Naya Ventures,8500000.0,Series A
Vivriti Capital,2017,2020,False,Chennai,Fintech,Digital lending startup,"Gaurav Kumar, Vineet Sukumar",LGT Lightstone Aspada,50000000.0,Series B
ZunRoof,2016,2020,False,Gurugram,Cleantech,"It specialises in solar rooftop design, installation, and management using technology","Pranesh Chaudhary, Sushant Sachan",Godrej Investments,3000000.0,Series A
Strata,2019,2020,False,Bengaluru,Proptech,Real estate investment platform,"Sudarshan Lodha, Priyanka Rathore","SAIF Partners, Mayfield India",1500000.0,Seed Round
Tricog,2015,2020,False,Bengaluru,Healthtech,Provides virtual cardiology services through its AI-powered healthcare platforms,"Charit Bhograj, Zainul Charbiwala, Udayan Dasgupta, Abhinav Gujjar","UTEC-The University of Tokyo Edge Capital, Aflac Ventures, LLC, Dream Incubator, TeamFund",10500000.0,Series B
Trell,2016,2020,False,Bengaluru,Social e-commerce,Allows users to share their travel experiences,"Pulkit Agrawal, Prashant Sachan, Arun Lodhi, Bimal Kartheek Rebba, Nirav Sheth","Sequoia’s Surge, Fosun RZ",4000000.0,Pre series A
Chqbook,2017,2020,False,Gurugram,Fintech,"Marketplace for small business owners, offering them products around lending, credit cards etc","Vipul Sharma, Rajat Kumar, Sachin Arora, Mohit Goel",Aavishkaar Capital,5000000.0,Series A
SMEcorner,2014,2020,False,Mumbai,Fintech,Financial lending firm to SMEs,"Bhatia, Sneha Shah",Paragon Partners,30000000.0,Series B
Spinny,2015,2020,False,Haryana,E-tail,Used car retailing platform,"Niraj Singh, Mohit Gupta, Ramanshu Mahuar","Nandan Nilekani, Sanjeev Aggarwal",43700000.0,Series B
Vogo,2016,2020,False,Bengaluru,Automotive,A scooter-sharing platform allowing users to rent a two-wheeler from specific designated pick up points,"Anand Ayyadurai, Padmanabhan Balakrishnan, Sanchit Mittal",Lightstone Aspada,20000000.0,Series C
Josh Talks,2015,2020,False,Haryana,Media,Community of young individuals providing a platform to showcase their stories,"Supriya Paul, Shobhit Banga",Media Development Investment Fund,1500000.0,Pre series A
AjnaLens,2014,2020,False,Thane,Deeptech,"It leverages technologies such as AR, VR & AI to offer hardware in areas such as education and defence","Pankaj Raut, Abhishek Tomar, Abhijit Patil","Maharashtra Defence, Aerospace Venture Fund (MDAVF)",1500000.0,Pre series A
Pepper,2017,2020,False,Mumbai,Content Marktplace,End to end content creation platform,Anirudh Singla and Rishabh Shekhar,"Kunal Bahl, Rohit Bansal",306900.0,Seed funding
iMerit,2012,2020,False,Kolkata,IT,Turns information into data that is usable for machine learning processes,Radha Basu,CDC Group Plc,20000000.0,Series B
BharatPe,2018,2020,False,New Delhi,Fintech,Digital payments platform,Ashneer Grover,Ribbit Capital,75000000.0,Series C
Go Desi,2018,2020,False,New Delhi,Foodtech,Provides traditional delicacies,Vinay Kothari,Rukam Capital,627300.0,Seed Round
Swiggy,2014,2020,False,Bengaluru,Foodtech,Platform to order food online from restaurants and getting it delievered,"Nandan Reddy, Sriharsha Majety, Rahul Jaimini",Prosus N.V,113000000.0,Series A
Whatfix,2014,2020,False,Banglore,SaaS,"Digital adoption platform that helps companies provide intuitive onboarding, training and support","Khadim Batti, Vara Kumar",Sequoia Capital India,32000000.0,Series C
Unacademy,2010,2020,False,Bengaluru,Edtech,Platform that offers online education in India,"Gaurav Munjal, Roman Saini, Hemesh Singh","Facebook, General Atlantic, Sequoia India, Nexus Venture Partners, Steadview Capital, Blume Ventures",110000000.0,Series E
Yolo,2019,2020,False,Gurugram,Transport,Intercity transportation,"Shailesh Gupta, Mukul Shah, Danish Chopra",Undisclosed,600000.0,Seed funding
MaxWholesale,2016,2020,False,New Delhi,Ecommerce,B2B ecommerce platform for kirana stores,Samarth Agrawal,"IAN Fund-I, Al Falaj Investment Company (AFI)",3000000.0,Series A
Shuttl,2015,2020,False,New Delhi,Transport,App based bus aggregator serice,"Amit Singh, Deepanshu Malviya",SIG Global India Fund,7975700.0,Series C
CodingNinjas,2016,2020,False,New Delhi,Edtech,Online learning platform,"Singla, Kannu Mittal, Dhawal Parate",Info Edge Ltd,5200000.0,Series A
Furlenco,2011,2020,False,Bengaluru,Ecommerce,Furniture rental startup,Ajith Mohan Karimpana,Chowdry Associates,2200000.0,Series C
Brick&Bolt,2018,2020,False,Bengaluru,Unknown,Operates in the residential construction space,"Jayesh Rajpurohit, Arpit Rajpurohit",Surge,1500000.0,Pre series A
Pepperfry,2013,2020,False,Mumbai,E-market,Online home furniture marketplace,"Ambareesh Murty, Ashish Shah",Pidilite Industries,40000000.0,Series F
FirstCry,2010,2020,False,Pune,E-market,Baby products marketplace,"Supam Maheshwari, Amitava Saha",Softbank’s Vision Fund,296000000.0,Series E
Waycool,2015,2020,False,Chennai,Agritech,Food development and distribution services,Karthick Jayraman and Sanjay Dasari,LightBox Ventures,32000000.0,Series C
SuperMoney,2018,2020,False,Mumbai,Fintech,Provides financial tools for effective business making,Nikhil Banerjee,Unitus Ventures.,1000000.0,Pre series A
Entri,2017,2020,False,Kochi,Edtech,It is a app that provides different types of learning content in local languages,"Mohammed Hisamuddin, Rahul Ramesh",Good Capital,1400000.0,Seed Round
Doubtnut,2017,2020,False,Gurugram,Edtech,Multi-lingual digital solutions platform for students,"Tanushri Nagori, Aditya Shankar",Tencent,15000000.0,Series A
Kisan Network,2015,2020,False,Gurugram,Agritech,Integrated supply chain for farmers to sell their produce directly to buyers,"Aditya Agarwalla, Sanjay Agarwalla",Atsushi Taira,3000000.0,Seed Round
Vogo,2016,2020,False,Bengaluru,Automotive,A scooter-sharing platform allowing users to rent a two-wheeler from specific designated pick up points,"Anand Ayyadurai, Padmanabhan Balakrishnan, Sanchit Mittal",Lightstone Aspada,35000000.0,Series C
WizKlub,2018,2020,False,Bengaluru,Edtech,Helps students solve problems at complex level,Amit Bansal,Incubate Fund India,982530.0,Seed Funding
Interviewbit,2014,2020,False,Pune,Edtech,Platform that provides coding and interview preparation course by industry professionals from tech companies,Abhimanyu Saxena,"Tiger Global Management, Sequoia Capital India, Singapore’s Economic Development Board (EBD)",200000000.0,Series A
Bizongo,2015,2020,False,Mumbai,Marketplace,A B2B marketplace for packaging materials,"Sachin Agarwal, Aniket Deb, Ankit Tomar",Schroder Adveq,30000000.0,Series C
AppsFlyer,2011,2020,False,Bengaluru,SaaS,Mobile marketing analytics and attribution platform,"Oren Kaniel, Reshef Mann",General Atlantic,210000000.0,Series D
Livspace,2014,2020,False,Bengaluru,Interior Design,It offers end-to-end home design experience for homeowners and home designers,"Anuj Srivastava, Ramakant Sharma, Shagufta Anurag","Tahoe Investment Group, Mercer Investment",60000000.0,Series D
Samosa Singh,2016,2020,False,Bengaluru,Food,Offers hygienic Indian Snacks,"Shikhar Veer Singh, Nidhi Singh",She Capital,2700000.0,Series A
Crysta,2018,2020,False,New Delhi,Healthtech,Offers diagnostic and screening services with regular counselling and clinical data management,Unknown,"Green Shots Capital, Alfa Ventures, Real Time Venture, Petrotech, Steel City Securities, Lalit Wadhwa, Dr Kriti Maroli",1403400.0,Pre Series A
Eupheus Learning,2017,2020,False,New Delhi,Edtech,"Provides technology-led, subscription-based learning solutions to schools","Sarvesh Shrivastava, Ved Prakash Khatri, Amit Kapoor",Yuj Ventures,4300000.0,Series A
Bounce,2014,2020,False,Bengaluru,Automotive and Rentals,Offers a variety of bikes and scooters that can be rented on a subscription basis,"Vivekananda Hallekere, Anil Giri Raju,Arun Agni","Accel Partners, B Capital",105000000.0,Series D
Goodmylk,2017,2020,False,Bengaluru,Dairy,Provides Vegan dairy products,Abhay Rangan,"Ginni International, Elisa Khong, Sandeep Singh, VegInvest",400000.0,Seed Round
Zoomcar,2013,2020,False,Bengaluru,Transport & Rentals,A car rental service platform,"Greg Moran, David Back",Sony Innovation Fund,30000000.0,Series D
Mera Cashier,2019,2020,False,Noida,Fintech,App meant for small and micro businessmen to manage their transactions digitally,"Suneel Kumar, Sucharita Reddy, Gaurav Tomar, Akhilesh Nigam,","Amit Singal, Manish Aggarwal",250000.0,Seed Round
Bounce,2014,2020,False,Bengaluru,Automotive and Rentals,Offers a variety of bikes and scooters that can be rented on a subscription basis,"Vivekananda Hallekere, Anil Giri Raju,Arun Agni","Accel Partners, B Capital",97500000.0,Series D
Zinier,2015,2020,False,Bengaluru,Automation,Provides intelligent field service automation,Arka Dhar,ICONIQ Capital,90000000.0,Series C
ProEves,2016,2020,False,New Delhi,Preschool Daycare,"Provides tech-enabled, end-to-end childcare support solutions for corporate and retail consumers","Divya Agarwal, Ketika Kapoor",1Crowd,507000.0,Seed Round
Ninjacart,2015,2020,False,Bengaluru,B2B Agritech,Online grocery delivery platform,"Thirukumaran Nagarajan, Sharath Loganathan, Sachin Jose, Kartheeswaran KK, Vasudevan Chinnathambi","Flipkart India, Singapore-based GEC3",10000000.0,Series C
Wysh,2019,2020,False,Hyderabad,E-connect,Celebrity engagement and wishing platform,"Mahesh Gogineni, Varun MS, Manan Maheshwari",Kalaari Capital,2000000.0,Series A
Keito,2016,2020,False,Pune,AI,Enterprise productivity startup,Amal PS,Suma Soft Pvt Ltd,160000.0,Seed Round
HighRadius,2016,2020,False,Hyderabad,SaaS,"An AI-based platform, to automate accounts receivables and treasury processes.",Sashi Narahari,ICONIQ Capital,125000000.0,Series B
Rivigo,2014,2020,False,Gurugram,Logistics,"It offers delivery services across India to retail, e-commerce, pharmaceutical, automobile and FMCG companies","Deepak Garg, Gazal Kalra",Trifecta Capital,3400000.0,Series F
GoMechanic,2016,2020,False,New Delhi,Automobile Technology,Find automobile repair and maintenance service providers,"Amit Bhasin, Kushal Karwa, Nitin Rana, Rishabh Karwa","Chiratae Ventures, Sequoia Capital, Orios Venture Partners",14700000.0,Series B
Fashor,2017,2020,False,Chennai,Fashion,Women’s fashion and apparel,"Vikram Kankaria, Priyanka Kankaria",Sprout venture partners,1000000.0,Pre Series A
Shuttl,2015,2020,False,New Delhi,Transport,App based bus aggregator serice,"Amit Singh, Deepanshu Malviya",SIG Global India Fund LLP.,8043000.0,Series C
Pando,2017,2020,False,Chennai,Logitech,Networked logistics management software,"Jayakrishnan, Abhijeet Manohar",Chiratae Ventures,9000000.0,Series A
Unbox Robotics,2019,2021,False,Bengaluru,AI startup,"Unbox Robotics builds on-demand AI-driven warehouse robotics solutions, which can be deployed using limited foot-print, time, and capital.","Pramod Ghadge, Shahid Memon","BEENEXT, Entrepreneur First",1200000.0,Pre-series A
Lead School,2012,2021,False,Mumbai,EdTech,LEAD School offers technology based school transformation system that assures excellent learning for every child.,"Smita Deorah, Sumeet Mehta","GSV Ventures, Westbridge Capital",30000000.0,Series D
Bizongo,2015,2021,False,Mumbai,B2B E-commerce,Bizongo is a business-to-business online marketplace for packaging products.,"Aniket Deb, Ankit Tomar, Sachin Agrawal","CDC Group, IDG Capital",51000000.0,Series C
FypMoney,2021,2021,False,Gurugram,FinTech,"FypMoney is Digital NEO Bank for Teenagers, empowering them with financial literacy and ease of secured financial transactions.",Kapil Banwari,"Liberatha Kallat, Mukesh Yadav, Dinesh Nagpal",2000000.0,Seed
Fitterfly,2016,2021,False,Mumbai,HealthTech,"Fitterfly offers customized and personalized wellness programs for diabetes PCOS, pregnancy, weight loss, pediatric and nutrition.",Dr Arbinder Singal,"9Unicorns Accelerator Fund, Metaform Ventures",3000000.0,Pre-series A
MyDentalPlan,2014,2021,False,Bengaluru,Helathcare,My Dental Plan provides dental care packages and services.,"Dr Mohender Narula, Dr AnandKrishna, Dr Girish Rao",Safe Planet Medicare,700000.0,Seed
ORAI,2020,2021,False,Bengaluru,IT startup,AI-Powered Robotic Virtual Assistant (RVA) for Amplifying Performance of Poor quality leads and bring more MQL and SQL,"Swapnil Jain, Sujit Das Biswas",Inflection Point Ventures,400000.0,Pre-series A
ixamBee,2016,2021,False,New Delhi,EdTech,ixamBee is to provide best online learning experience for preparation of competitive exams.,Chandraprakash Joshi,"Mumbai Angels, Narendra Shyamsukha",300000.0,Seed
CoinSwitch Kuber,2017,2021,False,Bengaluru,FinTech,CoinSwitch Kuber is an India-based cryptocurrency exchange platform.,"Ashish Singhal, Govind Soni, Vimal Sagar Tiwari","Paradigm, Kunal Shah",25000000.0,Series B
Razorpay,2014,2021,False,Bengaluru,FinTech,"Razorpay is a platform that enables businesses to accept, process, and disburse payments.","Harshil Mathur, Shashank Kumar","Matrix Partners India, GIC",160000000.0,Series E
ZFW Hospitality,2015,2021,False,New Delhi,Food & Beverages,Creating a sustainable and scalable cloud kitchen network.,Madhav Kasturia,"Mumbai Angels Network, Expert DOJO",150000.0,Pre-seed
Optimized Electrotech,2017,2021,False,Ahmadabad,Aeorspace,"Long distance, multispectral Surveillance Equipment for Defense, Aerospace, Critical Asset Protection","Anil Yekkala, Dharin Shah, Kuldeep Saxena, Purvi Shah, Sandeep Shah",GVFL,1800000.0,Pre-series A
Chara,2019,2021,False,Bengaluru,Deep Tech,"A scalable, cloud-controlled, and rare earth mineral free Hardware and Software platform for the Switched Reluctance Motor and other magnet free motor technologies.","Bhaktha Keshavachar, Ravi Prasad Sharma, Mahalingam Koushik",Kalaari Capital,850000.0,Seed
Sirona Hygiene,2015,2021,False,New Delhi,HealthTech,Solving unaddressed Intimate & Menstrual Hygiene issues with our award-winning innovative & modern products.,"Deep Bajaj, Mohit Bajaj","NB Ventures, IAN Fund",3000000.0,Series A
Pristyn Care,2018,2021,False,Gurugram,HealthTech,Pristyn Care is Health Care Startup that is disrupting Elective Surgery Procedures,Harsimarbir (Harsh) Singh,"Sequoia Capital India, Hummingbird Ventures",53000000.0,Series D
TrulyMadly,2013,2021,False,New Delhi,Dating,Trulymadly is a dating platform that uses a match making algorithm.,"Hitesh Dhingra, Rahul Kumar, Sachin Bhatia","Gaurav Munjal, Snehil Khanor",2000000.0,Pre-series A
SuperK,2019,2021,False,Small Towns,Retail,SuperK is a full-stack solution to empower small format retail stores in India.,Neeraj Menta,STRIVE VC,800000.0,Seed
TagZ Foods,2019,2021,False,Bengaluru,Food,TagZ Foods is a supplier of snacks and food products.,"Anish Basu Roy, Sagar Bhalotia",Venture Catalysts,500000.0,Pre-series A
Puresh Daily,2019,2021,False,Ranchi,Milk startup,PUREandFRES-Milk delivers fresh milk directly from its farm to home. Fresh Milk without any trace of chemicals is packed and sealed in glass bottle.,"Manish Piyush, Ayush Kumar","Alfa Ventures, Agility Venture Partners",100000.0,Seed
LimeChat,2020,2021,False,Faridabad,AI Chatbot,Limechat provides a personalised shopping experience for D2C companies on chat platforms using L3 conversational AI.,"Aniket Bajpai, Nikhil Gupta","Stellaris Venture Partners, Ramakant Sharma",7500000.0,Seed
Dybo,2019,2021,False,Bengaluru,IT,Product Visualisation Technology for Commerce,Dhawal Jain,Spanache,100000.0,Seed
Solethreads,2018,2021,False,Gurugram,Fashion,SOLETHREADS is a ‘Made in India’ footwear brand that’s creating a flip flop revolution.,Vikram Iyer,"DSG Consumer Partners, Saama Capital",1000000.0,Series A
CredFlow,2020,2021,False,New Delhi,FinTech,CredFlow provides financial solutions to automate your cashflows.,Kunal Aggarwal,"Stellaris Venture Partners, Omidyar Network India, Flourish Ventures",2000000.0,Seed
PlayShifu,2016,2021,False,Bengaluru,EdTech,PlayShifu is an EdTech startup that offers teaching/learning tools for kids (4-12 years of age).,"Dinesh Advani, Vivek Goyal","Chiratae Ventures, Bharat Innovation Fund",17000000.0,Series B
Pitstop,2015,2021,False,Bengaluru,Automotive,Pitstop offers general repair and maintenance services for cars through its doorstep service vehicles.,"Mihir Mohan Mishra, Nirant Ramakuru, Ruchi Deepak","Acko Technology, Services, LetsVenture",3500000.0,Pre-series B
Lendingkart,1999,2021,False,Gujarat,FinTech,Lendingkart is an online financing company dedicated to help entrepreneurs and small businesses with Working Capital Loans.,"Harshvardhan Lunia, Mukul Sachan","Bertelsmann India Investments, Fullerton Financial Holdings",15000000.0,Debt
CRED,2018,2021,False,Bengaluru,FinTech,CRED is a members-only credit card management and bill payments platform that rewards users every time they pay their credit card bills.,Kunal Shah,"Dragoneer Investment Group, Tiger Global Management",215000000.0,Series D
Karnival,2015,2021,False,Bengaluru,SaaS startup,A SAAS platform for retailers and brands to create wonderful post purchase customer journeys using smart receipts technology,Neeraj Tyagi,http://100x.vc/,2500000.0,Seed
PharmEasy,2015,2021,False,Mumbai,HealthTech,"PharmEasy is a health tech startup offering services such as teleconsultation, medicine deliveries, and diagnostic test sample collection.","Dharmil Sheth, Dhaval Shah, Mikhil Innani","TPG Growth, Caisse de Depot et Placement du Quebec",350000000.0,Series E
WESS,1989,2021,False,Mumbai,Renewable Energy,Waaree is India's Largest Solar Module Manufacturer & fastest growing EPC company with Presence across 68 countries.,Hitesh Doshi,Centrum Financial Services,2000000.0,Seed
Groww,2017,2021,False,Bengaluru,FinTech,Groww is an investment platform that offers a new way of investing money with stockbroking and direct mutual funds.,"Harsh Jain, Ishan Bansal, Lalit Keshre, Neeraj Singh","Tiger Global Management, Y Combinator Continuity Fund",83000000.0,Series D
Avanti Finance,2016,2021,False,Bengaluru,FinTech,Avanti Finance lends relatively large but trust-based loans without formal credit footprint.,"Ratan Tata, Nandan Nilekani",Michael & Susan Dell Foundation,26000000.0,Series A
Superpro.ai,2019,2021,False,Bengaluru,Video communication,Enabling independent professionals to bring offline consulting online with AI,"Gaurav Tripathi, Sagar Ramteke, Vijay Goel, Vivek Kumar","SOSV, Omphalos Ventures India",3000000.0,Seed
WiT-ACE,2020,2021,False,Gurugram,Skill development,"Offer accelerated career experiences for women by Enabling, Engaging & Employing them to be in decision making roles.",Anuranjita Kumar,CitiusTech,1000000.0,Seed
Spinny,2015,2021,False,Gurugram,Retail,Spinny is a used car buying platform enabling trustworthy and hassle-free transactions.,"Mohit Gupta, Niraj Singh, Ramanshu Mahaur","Arena Holdings, Think Investments",65000000.0,Series C
PumPumPum,2018,2021,False,Gurugram,Rental,Pumpumpum is a car rental company.,"Tarun Lawadia, Sameer Kalra","Kogta Financial India Limited, ICICI Bank",700000.0,Pre-series A
Eunimart,2016,2021,False,Hyderabad,E-commerce,Eunimart is a one stop solution for merchants to create a difference by selling globally.,"Saikat Roy, Shayak Mazumder","SucSEED Venture Partners, TMT Connekt",700000.0,Pre-series A
Uable,2020,2021,False,Bengaluru,EdTech,Uable are on a bold mission to redefine the future for millions of teenagers around the world.,Saurabh Saxena,"JAFCO Asia, Chiratae Ventures",35000000.0,Pre-series A
Zoko,2016,2021,False,Bengaluru,Tech Startup,"Zoko makes it easy for businesses to do Sales, Marketing & Customer Support on WhatsApp.","Arjun Paul, Aromal Sivadasan",Y Combinator,140000000.0,Seed
GetWork,2019,2021,False,Gurugram,Recruitment,GetWork is a campus recruiting platform to post your jobs and hire across dozens of colleges at once.,Rahul Veerwal,Artha Venture Fund,200000.0,Seed
Easebuzz,2015,2021,False,Pune,E-commerce,Easebuzz is an easy to use portal which allows you to start an online business and sell your favorite products with a free online store.,Rohit Prasad,"Jitendra Gupta, Amrish Rau",4000000.0,Series A
DusMinute,2017,2021,False,Bengaluru,Retail,DusMinute aims to transform how communities live by giving them access to world-class amenities at their doorstep.,Apoorva Mishra,Indian Angel Network,1100000.0,Pre-series A
TartanSense,2015,2021,False,Bengaluru,Information Technology,TartanSense unlocks value for small farm holders by working at the intersection of robotics and AI assisted computer vision.,Jaisimha Rao,"FMC, Omnivore, Blume Ventures",5000000.0,Series A
IsGoingOnline,2015,2021,False,Cochin,Retail,Kochi-based digital catalogue and marketplace IsGoingOnline,Eobin Alex,"Unicorn India Ventures, SEA Fund, Devdatt Shah",200000.0,Pre-series A
Camp K12,2010,2021,False,Gurugram,EdTech,"Camp K12 is a global online school for 21st century skills, teaching Coding and other STEAM subjects to kids age 6-18 via LIVE, interactive, gamified online sessions",Anshul Bhagi,"Matrix Partners India, Elevation Capital",12000000.0,Series A
Elda Health,2020,2021,False,Bengaluru,Healthcare,"Elda Health is a digital wellness platform that understands women intimately and offers a holistic wellness solution through physical, mental and social interventions.","Swathi Kulkarni, Sindhuri Ananth, Shubham Sharma","Avaana Capital, Orios Ventures",1500000.0,Seed
Sporjo,2020,2021,False,Mumbai,SportsTech,A one stop destination to build a successful career in the Indian sports industry!,G Srinivvasan,Punit Balan,2000000.0,Pre-series A
SuperGaming,2017,2021,False,Pune,Gaming,"At SuperGaming, building India's best gaming company.","Roby John, Sanket Nadhani, Navneet Waraich","Skycatcher, AET Fund, BAce Capital, Dream Incubator, 1Up Ventures",5500000.0,Series A
AppsForBharat,2020,2021,False,Bengaluru,Spiritual,"A mission to assist a billion Indians in their spiritual journey and help them feel happier, peaceful & more content.",Prashant Sachan,"Sequoia Capital India, BEENEXT",4000000.0,Seed
Khatabook,2018,2021,False,Bengaluru,Financial Services,Khatabook is the world's fastest-growing Saas company. It has become India's leading business management app for MSMEs with 50M+ downloads in a remarkably short period of time.,"Ravish Naresh, Ashish Sonone","Tribe Capital, Moore Strategic Ventures (MSV)",100000000.0,Series C
Smytten,2015,2021,False,Gurugram,Consumer Goods,India's largest premium discovery and trial platform!,"Swagat Sarangi, Siddhartha Nangia.",Fireside Ventures,6000000.0,Series A
Syook,2016,2021,False,Bengaluru,Industrial Automation,Syook is building the next generation enterprise IOT platform.,"Saurabh Sharma, Aman Agarwal, Arjun Nagarajan","Inflection Point Ventures, ONGC",1000000.0,Series A
NOTO,2019,2021,False,Mumbai,Consumer Goods,"A healthy, low-calorie ice cream for the millennial Indian with an incurable sweet tooth.","Varun Sheth, Ashni Sheth","Titan Capital, Rockstud Capital, John Abraham, WEH Ventures",500000.0,Pre-series A
Lumiq,2013,2021,False,Noida,Information Technology,Help enterprises monetize their data and reinvent the digital transformation journey.,Shoaib Mohammad,Info Edge Ventures,2000000.0,Seed
Breathe Well-being,2015,2021,False,Gurugram,Health,"Help people to prevent, manage or reverse Type 2 Diabetes through our clinically proven digital program.","Rohan Verma, Aditya Kaicker",Accel,5500000.0,Series A
Probus,2017,2021,False,New Delhi,IoT,"A mission to increase the per capita consumption of electricity in India by 10X, which is presently 1/3 of global average- by reducing the distribution losses in Indian electricity distribution grid.","Anand Singh, Ankit Vaish, Sunny Kumar Jadoon",Unicorn India Ventures,500000.0,Bridge
Smallcase,2015,2021,False,Bengaluru,FinTech,Smallcase is a new way to invest in the stock markets.,"Anugrah Shrivastava, Vasanth Kamath, Rohan Gupta",Faering Capital,40000000.0,Series C
Postman,2014,2021,False,Bengaluru,Computer software,Postman is the collaboration platform for API development.,"Abhinav Asthana, Abhijit Kane, Ankit Sobti","CRV, Nexus Venture Partners",225000000.0,Series D
Hashnode,2016,2021,False,Bengaluru,Computer software,The easiest way to start a blog on personal domain for free & connect with the readers through our dev community,"Syed Fazle Rahman, Sandeep Panda","Salesforce Ventures, Sierra Ventures, Sequoia Capital India’s Surge",6700000.0,Series A
RACEnergy,2018,2021,False,Hyderabad,Automotive,RACEnergy is working to power the future of mobility through clean and efficient technologies.,Arun Sreyas Reddy,"Micelio Fund, growX ventures",1300000.0,Seed+
BharatPe,2018,2021,False,New Delhi,FinTech,The vision to make financial inclusion a reality for Indian merchants.,"Ashneer Grover, Shashvat Nakrani","IIFL Wealth, Asset Management, Northern Arc Capital",20000000.0,Debt
Gyde,2019,2021,False,Pune,Computer software,"Gyde is a SAAS product that enables enterprises & SAAS companies to guide their application (web & mobile) users with step-by-step voice assistance, byte-sized training videos & rich help articles.","Prasanna Vaidya, Shubham Deshmukh","Better Capital, Ashish Achrekar",250000.0,Seed
AgNext,2016,2021,False,Chandigarh,AgriTech,"AgNext is a fast-growing AgTech company that aims to solve quality and trust in food value chains by making them safer, transparent and fairer.",Taranjeet Singh Bhamra,Alpha Wave Incubation,21000000.0,Series A
Xpresslane,2019,2021,False,Bengaluru,Tech startup,"Xpresslane makes checkout fast and easy. With a unified identity across all e-commerce merchants, it brings efficiency and perfection in the overall checkout experience of the user.",Ashwin Koorakula,"Point One Capital, Yatra Angel Network (YAN), Opus Consulting, Manipal Technologies.",400000.0,Pre-seed
OYO,2013,2021,False,Gurugram,Hospitality,OYO is a global travel tech company that connects its patrons and guests.,Ritesh Agarwal,Microsoft,5000000.0,Series F2
Log 9 Materials,2014,2021,False,Bengaluru,Deeptech,Log9 Materials is on a mission to make global energy 100% clean.,"Akshay Singhal, Kartik Hajela",Amara Raja Batteries,8500000.0,Series A+
FlashPrep,2020,2021,False,Bengaluru,EdTech,FlashPrep is the smart way to master learning.,"Dhiresh Nagwani, Ashwini Dhekane",Venture Highway,500000.0,Pre-seed
Kenko Health,2019,2021,False,Mumbai,Insuretech,"A unique healthcare financing solution focusing on ROI, affordability and superior customer experience","Aniruddha Sen, Dhiraj Goel","BEENEXT, Orios",1700000.0,Pre-series A
Wiz Freight,2020,2021,False,Chennai,Logistics & Supply Chain,"Wiz is a tech-enabled freight forwarding platform. We make global shipping efficient, hassle-free and highly visible for businesses.","Ramkumar Govindarajan, Ramkumar Ramachandran",Axilor,3500000.0,Seed
Credgenics,2018,2021,False,New Delhi,Financial Services,Credgenics is India’s first of it's kind NPA resolution platform backed by credible investors including Accel Partners and Titan Capital.,"Rishabh Goel, Mayank Khera, Anand Agrawal","Westbridge Capital, Tanglin Venture Partners",25000000.0,Series A
BlueLearn,2020,2021,False,Goa,EdTech,"Building India's largest student community. Learn, network, and grow together with 40,000+ students!","Harish Uthayakumar, Shreyans Sancheti","100X.VC﻿,﻿ Titan Capital, Rahul Mathur, Gaurav Mandlecha",400000.0,Pre-seed
NimbleBox.ai,2018,2021,False,Chennai,MLOps platform,A full-stack MLOps platform built to create & launch multi-cloud apps on the cloud,"Anshuman Pandey, Rohan Pooniwala",Venture Catalysts,1000000.0,Seed
Pickrr,2015,2021,False,Gurugram,Logistics & Supply Chain,India's 1st Virtual Logistics solution catering to Global Brands/SMEs/Online sellers/AmazonSellers,"Rhitiman Majumdar, Gaurav Mangla, Ankit Kaushik","IIFL, Amicus Capital, Ananta Capital",12000000.0,Series B
Grip Invest,2020,2021,False,Gurugram,Financial Services,"Grip offers investment opportunities to invest in physical assets leased to corporates, to earn fixed monthly returns.","Nikhil Aggarwal, Vivek Gulati","Venture Highway, Endiya Partners",3000000.0,Series A
Heads Up For Tails,2008,2021,False,New Delhi,Pet care,"A one stop shop for all pet products with paw prints all across India, we design, manufacture and customize stylish",Rashi Sanon,"Verlinvest, Sequoia Capital India",37000000.0,Series A
Blue Tokai Coffee Roasters,2012,2021,False,New Delhi,Food & Beverages,"Source, roast, and brew India's best single-origin Arabica coffee.","Matt Chitharanjan, Shivam Shahi, Namrata Asthana",Anicut Angel Fund,2000000.0,Pre-series B
Neeman,2017,2021,False,Hyderabad,Consumer Goods,India's first Startup to use the world's most revolutionary Natural & Renewable fibers in Footwear,Taran Chhabra,Sixth Sense Ventures,2000000.0,Series A
BharatPe,2018,2021,False,New Delhi,FinTech,"BharatPe launched India’s first UPI interoperable QR code, first ZERO MDR payment acceptance service, and first UPI payment backed merchant cash advance service.","Ashneer Grover, Shashvat Nakrani",Tiger Global,370000000.0,Series E
GoSats,2020,2021,False,Bengaluru,FinTech,GoSats is a bitcoin stacking app that lets users earn bitcoin cashbacks when they shop with our partnered merchants.,"Mohammed Roshan, Roshni Aslam","Alphabit Fund, Fulgur Ventures, Stacks Accelerator, SBX Capital",700000.0,Seed
StockGro,2020,2021,False,Bengaluru,FinTech,Making Investment Social- India's First Social Trading Platform,Ajay Lakhotia,"Roots Ventures, Velo Partners",5000000.0,Pre-series A
Onsurity,2020,2021,False,Bengaluru,Healthcare,"Onsurity is a HealthTech & Employee Benefits organization, disrupting the SME and startup healthcare market with technology and innovation!","Yogesh Agarwal, Kulin Shah",Nexus Venture Partners,16000000.0,Series A
Rocket Skills,2020,2021,False,Gurugram,EdTech,Rocket Skills is the #1 Platform for learning skills which will bring a high positive impact on your business and life skills.,"Vibhu Bahuguna, Mohit Jain","Better Capital, First Cheque, Titan Capital",200000.0,Pre-seed
RenewBuy,2015,2021,False,Gurugram,FinTech,"Simplify insurance and aim to take it to the last Indian, through our digitally enabled POSP advisors.",Balachander Sekhar,Evolvence Capital,10000000.0,Series C
Jupiter,2019,2021,False,Mumbai,Banking,"A digital banking experience that keeps pace with you, and helps master money too.",Jitendra Gupta,"Nubank, Global Founders Capital, Sequoia Capital India, Matrix Partners India",44000000.0,Series B
Pixuate,2012,2021,False,Bengaluru,Deeptech,"Pixuate enables intelligent business process automation through advanced computer vision, AI and machine learning.","Akshata Kari, Prathvi Palekar",SucSEED Indovation Fund,1000000.0,Seed
Playo,2014,2021,False,Bengaluru,SportsTech,Playo is a one stop destination app for all things sports,Daanish Suhail,ah! Ventures High Tables,500000.0,Pre-series A
Toothsi,2018,2021,False,Mumbai,Health,India’s first and largest at home smile makeover service using invisible aligners.,"Dr Arpi Mehta, Dr Pravin Shetty, Dr Manjul Jain, Dr Anirudh Kale","Eight Roads Ventures, Think Investments, Mankekar Family Office",20000000.0,Series B
Soothe Healthcare,2012,2021,False,New Delhi,Consumer Goods,"Soothe is a consumer goods company engaged in manufacture, marketing & distribution of Personal Hygiene products.",Sahil Dharia,A91 Partners,10000000.0,Series C
Goodmeetings,2020,2021,False,Bengaluru,Computer software,AI-Based Platform Built Exclusively for Remote Selling,Srinivasan Narayan,Chiratae Ventures,1700000.0,Series A
Apnaklub,2020,2021,False,Bengaluru,Wholesale,Apnaklub is India's most trusted wholesale platform that empowers people to set up their own retail and sales businesses by providing better-than-industry margins,"Shruti, Manish Kumar",Sequoia’s Surge,3500000.0,Seed
ChefKart,2020,2021,False,Gurugram,Consumer Goods,"ChefKart is an end to end kitchen aide that plans, shops and cooks for you in your home kitchen.","Vaibhav Gupta, Arpit Gupta, Aman Gupta","Lead Angels, Titan Capital, Pravega Ventures",300000.0,Pre-seed
Fashinza,2020,2021,False,Gurugram,Apparel & Fashion,A new-age supply chain and product development platform for the fashion industry.,"Pawan Gupta, Abhishek Sharma","Accel Partners, Elevation Capital",20000000.0,Series A
QuickShift,2016,2021,False,Pune,Logistics & Supply Chain,"Helping D2C brands scale with our AI powered Dashboard that manages Inventory, Order Processing, WMS, Shipping, Customer Support",Anshul Goenka,"Anicut Angel Fund, Axilor Ventures",770000.0,Seed
infra.market,2016,2021,False,Thane,Construction,Infra.Market is a Construction Solutions company that leverages technology to provide an enhanced procurement experience for all players in the construction ecosystem.,"Souvik Sengupta, Aaditya Sharda",Tiger Global,125000000.0,Series D
CollegeDekho,2015,2021,False,Gurugram,E-learning,"Collegedekho.com is Student’s Partner, Friend & Confidante, To Help Him Take a Decision and Move On to His Career Goals",Ruchir Arora,"Disrupt ADQ, QIC",35000000.0,Series B
Simpl,2015,2021,False,Bengaluru,Consumer Services,"Simpl empowers merchants to build trusted relationships with their customers one transaction at a time through one-click checkout, personalized PoS credit and intelligent loyalty rewards","Nitya, Chaitra Chidanand","Valar Ventures, IA Ventures",40000000.0,Series B
PayGlocal,2021,2021,False,Bengaluru,Financial Services,PayGlocal is a FinTech solving for global payments acceptance,"Prachi Dharani, Rohit Sukhija, Yogesh Lokhande",Sequoia Capital India,4900000.0,Series A
Pocket FM,2018,2021,False,Bengaluru,OTT,"Pocket FM lets users discover and enjoy the greatest selection of audio content ranging from audiobooks, stories and podcasts from the most diverse creator community.","Rohan, Nishanth Srinivas, Prateek Dixit","Lightspeed, Times Group, Tanglin Venture Partners",22000000.0,Series B
PlanetSpark,2017,2021,False,Gurugram,Education Management,PlanetSpark is building the World Leader in Communication Skills for children in the age groups of 4 to 14 years,"Maneesh Dhooper, Kunal Malik","Binny Bansal, Deep Kalra, Dr Ashish Gupta, Gokul Rajaram, Shirish Nadkarni",13000000.0,Series B
LenDenClub,2015,2021,False,Mumbai,Financial Services,P2P lending platform delivering high returns of up to 12% p.a. for 5 years to investors.,"Bhavin Patel, Dipesh Karki","Tuscan Ventures, Ohm Stock Brokers, Artha Venture Fund",10000000.0,Series A
CometChat,2009,2021,False,Mumbai,Computer Software,"Voice, video & text chat SDKs, APIs & Plugins for Developers.","Anuj, Anant Garg",Signal Peak Ventures,10000000.0,Series A
AgroStar,2013,2021,False,Pune,AgriTech,"AgroStar is one of India’s foremost AgTech start-ups, working on the mission of #HelpingFarmersWin.","Shardul, Sitanshu Sheth","Evolvence, Hero Enterprise",70000000.0,Series D
Bizongo,2015,2021,False,Mumbai,Information Technology & Services,Bizongo is India’s largest B2B platform for made-to-order products.,"Sachin Agrawal, Aniket Deb, Ankit Tomar",Tiger Global,100000000.0,Series D
MoEngage,2014,2021,False,Bengaluru,Software Startup,Insights-led customer engagement platform for the customer-obsessed marketers & product owners.,"Raviteja Dodda, Yashwanth Kumar",Steadview Capital,30000000.0,Series D
CloudSEK,2015,2021,False,Bengaluru,Computer & Network Security,AI-powered Digital Risk Monitoring platform that provides real-time visibility of cyber threats and actionable Intel.,Rahul Sasi,MassMutual Ventures,7000000.0,Series A
Exponent Energy,2020,2021,False,Bengaluru,Automotive,Simplifying energy for EVs by building a Flexible Energy Stack.,"Arun Vinayak, Sanjay Byalal",YourNest VC,5000000.0,Pre-series A
Trinkerr,2021,2021,False,Bengaluru,Capital Markets,Trinkerr is India's first social trading platform.,"Manvendra Singh, Gaurav Agarwal",Accel India,6600000.0,Series A
Zorro,2021,2021,False,Gurugram,Social network,Pseudonymous social network platform,"Jasveer Singh, Abhishek Asthana, Deepak Kumar","Vijay Shekhar Sharma, Ritesh Agarwal, Ankiti Bose",32000000.0,Seed
Ultraviolette,2021,2021,False,Bengaluru,Automotive,Create and Inspire the future of sustainable urban transportation through Accelerated Innovation.,"Subramaniam Narayan, Niraj Rajmohan","TVS Motor, Zoho",150000000.0,Series C
NephroPlus,2009,2021,False,Hyderabad,Hospital & Health Care,"A vision and passion of redefining healthcare delivery in India in 2010, NephroPlus today is India’s largest network of dialysis centres.",Vikram Vuppala,IIFL Asset Management,24000000.0,Series E
Unremot,2020,2021,False,Bengaluru,Information Technology & Services,Unremot is a personal office for consultants!,Shiju Radhakrishnan,Inflection Point Ventures,700000.0,Seed
Spry,2021,2021,False,Mumbai,Music,THE BEST ROYALTY-FREE MUSIC TO CREATE TRENDING VIDEOS,"Gaurav Dagaonkar, Meghna Mittal","9Unicorns, Ashneer Grover",1500000.0,Seed
Enmovil,2015,2021,False,Hyderabad,Information Technology & Services,Enmovil delivers a Business Intelligence Platform driven by a connected asset ecosystem that enables organizations to maximise their operational efficiency.,"Ravi Bulusu, Nanda Kishore, Venkat Moganty",Anicut Angel Fund,1300000.0,Pre-series A
ASQI Advisors,2019,2021,False,Mumbai,Financial Services,Bringing Blockchain technology intro mainstream finance!,Swapnil Pawar,Founders Room Capital,1000000.0,Pre-series A
Insurance Samadhan,2018,2021,False,New Delhi,Insurance,The insurance industry will help in representation with the insurance companies and will help to find adequate redressal for grievances.,Deepak Bhuvenshwari Uniyal,"9Unicorns, ZNL",725000.0,Pre-series A
MasterChow,2020,2021,False,Food & Beverages,Hauz Khas,A ready-to-cook Asian cuisine brand,"Vidur Kataria, Sidhanth Madan",WEH Ventures,461000.0,Seed
Pristyn Care,2018,2021,False,Gurugram,Hospital & Health Care,A new age health tech company that aims to simplify the surgery journey of a patient by offering care at every step.,"Harsimarbir (Harsh) Singh, Dr Vaibhav Kapoor, Dr Garima Sawhney","Kunal Shah, Deepinder Goyal, Abhiraj Singh Bhal",96000000.0,Series E
Plix,2018,2021,False,Mumbai,"Health, Wellness & Fitness",Plant-based nutraceutical firm,"Rishubh Satiya, Akash Zaveri","Guild Capital, RPSG Capital Ventures",5000000.0,Series A
Uni Cards,2020,2021,False,Bengaluru,Financial Services,"Uni Card splits your payments into 3 parts, over 3 months, at 0 extra costs.","Nitin Gupta, Prateek Jindal, Laxmikant Vyas","General Catalyst, Eight Roads Ventures, Elevation Capital",70000000.0,Series A
Nestasia,2018,2021,False,Kolkata,Retail,"Artisanal, Handmade, bio conscious crafts from South East Asia.","Aditi Murarka Agrawal, Anurag Agrawal","Varun Alagh, Sahil Barua",4000000.0,Series A
Vedic Cosmeceuticals,2002,2021,False,Noida,Cosmetics,One of india’s most trusted and technologically advanced white label manufacturer in the personal care space,Mohit Goel,Sixth Sense Ventures,32000000.0,Series A
Juspay,2012,2021,False,Bengaluru,FinTech,Enable frictionless payments for the billion Indians.,"Vimal Kumar, Ramanathan RV",SoftBank Vision Fund 2,60000000.0,Series C
TranZact,2017,2021,False,Mumbai,Information Technology & Services,A mission to digitize millions of Indian SMEs so they can grow better.,"Ritesh Kumar, Sharad Sen Sharma, Rohan Sen Sharma","Tribe Capital, Prime Venture Partners",7000000.0,Series A
Mohalla Tech,2015,2021,False,Bengaluru,Social media,"Mohalla Tech Pvt. Ltd. is a computer software company based out of Bengaluru, India.","Ankush Sachdeva, Bhanu Pratap Singh",Alkeon Capital,266000000.0,Series G
Stack,2020,2021,False,Bengaluru,Financial Services,Stack is an investing platform set to put money to work and help invest like some of the world’s biggest money-makers,"Smriti Tomar, Tushar Vyas","Y Combinator, Harvard Management",4500000.0,Seed
WeSkill,2020,2021,False,Gurugram,E-learning,Act as the bridge for skills providing access to learning and developing these skills at a younger age from the comfort and security of home.,"Shaurya Joshi, Shashank Patidar, Praneet Agarwal","Shrishti Sahu, Umang Vohra",4000000.0,Pre-seed
ByteLearn,2021,2021,False,Noida,E-learning,AI powered teaching assistant for 100 Mn teachers across the world,Unknown,"Aditya Singhal, Nishant Sinha",9500000.0,Seed
Dista,2017,2021,False,Pune,Computer Software,Dista is an AI-enabled location intelligence platform that offers a wide range of solutions for businesses to power their mobility and field operations.,"Nishant Kumar, Shishir Gokhale, Deepak Garg",Pentathlon Ventures,1200000.0,Seed
FRND,2019,2021,False,Bengaluru,Online Media,FRND is an audio dating app for Bharat,"Bhanu Pratap Singh Tanwar, Hardik Bansal, Harshvardhan Chhangani",KRAFTON,6500000.0,Series A
Metadome,2017,2021,False,Bengaluru,Computer Software,"Metadome (formerly Adloid), is a Metaverse, that provides no-code infrastructure to millions of creators & brands, to build immersive experiences for the virtual world.","Kanav Singla, Prashant Sinha, Shorya Mahajan","Chiratae Ventures, Lenskart Vision Fund",4000000.0,Pre-series A
Yodacart,2019,2021,False,Thane,E-commerce,YODACART is an e-commerce startup offering real-time product discovery using AI/ML for appliances based on consumers’ needs with an AR-enabled browsing experience.,Vikas Sharma,Ajith Daneil,225000.0,Pre-seed
Jumbotail,2015,2021,False,Bengaluru,B2B Ecommerce,"Jumbotail is India's leading B2B marketplace and New Retail platform, serving thousands of mom & pop stores","S Karthik Venkateswaran, Ashish Jhina",Invus,85000000.0,Series C
Captain Fresh,2019,2021,False,Bengaluru,Logistics & Supply Chain,A B2B marketplace leveraging technology to deliver the fastest harvest-to-retail in the industry.,Utham Gowda,"Tiger Global, Prosus Ventures",40000000.0,Series B
Kohbee,2019,2021,False,Bengaluru,E-learning,"Kohbee is a mobile app for online trainers and educators to run their online business, end to end.","Rohan Sinha, Shashwat Aditya","Ankit Mehrotra, Saurabh Aggarwal",235000.0,Pre-seed
Perfora,2021,2021,False,Gurugram,Consumer Goods,"Building a disruptive, modern, and functional oral care brand for consumers in India and globally.","Tushar Khurana, Jatan Bawa",Sauce.vc,260000.0,Pre-seed
Unbox Robotics,2019,2021,False,Pune,Logistics & Supply Chain,Unbox Robotics is building software-defined robotics platforms to enable logistics players to automate and radically improve their operations on-demand in a limited footprint and capital.,"Pramod Ghadge, Shahid Memon, Rohit Pitale","3one4 Capital, Sixth Sense Ventures",7000000.0,Series A
Ninety One,2015,2021,False,Ahmedabad,Consumer Goods,"Ninety One makes cycles, which the company claims are affordable and different from the ones available in the market.","Sachin Chopra, Vishal Chopra",A91 Partners,30000000.0,Series A
Gobillion,2020,2021,False,New Delhi,Social commerce,Redefining social commerce for Tier 2+ cities in India - making e-commerce SOCIAL!,"Roshan Farhan, Kulapradip Bharali","YCombinator, Justin Mateen, Pioneer Fund",2900000.0,Seed
RIPPLR,2019,2021,False,Bengaluru,Logistics & Supply Chain,India’s first Plug-n-Play distribution ecosystem for brands,"Abhishek Nehru, Santosh Dabke","Sojitz Corporation, Stride Ventures",12000000.0,Pre-series B
SK Finance,1994,2021,False,Jaipur,Financial Services,SK Finance is a leading player in vehicle financing and small business loans lending space with AUM over 4000cr.,Rajendra Setia,"IIFL Wealth, TPG Growth, Norwest Venture Partners",53000000.0,Series F
Eggoz,2017,2021,False,Gurugram,Food & Beverages,Make a meaningful impact to improve the protein consumption of people by enriching the lives of the rural egg farmers.,"Abhishek Negi, Uttam Kumar, Aditya Singh, Pankaj Pandey","Nabventures, Avaana Capital",3500000.0,Series A
Fabriclore,2016,2021,False,Jaipur,Apparel & Fashion,"India's top brand of artisanal & contemporary fabrics, offering the largest catalog of both curated & original designs.","Vijay Sharma, Anupam Arya, Sandeep Sharma","Fluid Ventures, Mulberry Silks",700000.0,Pre-series A
Verandah,2011,2021,False,Mumbai,Apparel & Fashion,Verandah is a conscious luxury travel brand retailing amongst the luxury resort wear space with design roots.,Anjali Patel Mehta,"Mike Novogratz, Neeraj Arora",1000000.0,Seed
EsportsXO,2020,2021,False,Bengaluru,Mobile Games,EsportsXO is an esports tournament management company which offers software to manage tournaments online.,"Utsav Umang, Rohit Raj, Vikas Goel",We Founder Circle,1100000.0,Seed
Neobank Jupiter,2019,2021,False,Mumbai,Banking,Jupiter is a digital banking app with one simple aim – to deliver a banking experience that keeps pace with you.,Jitendra Gupta,"Tiger Global, Sequoia Capital",86000000.0,Series C
Glii,2020,2021,False,Noida,Dating,India’s finest dating companionship application,Shivam Kaushik,We Founder Circle,10000.0,Seed
GlobalBees,2021,2021,False,New Delhi,E-commerce,Globalbees partners with entrepreneurs who have built an online-first business.,"Nitin Agarwal, Supam Maheshwari","Premji Invest, Steadview Capital",111000000.0,Series B
SecureNow,2011,2021,False,Gurugram,Insurance,SecureNow is an award winning tech-enabled insurance intermediary.,"Kapil Mehta, Abhishek Bondia",Apis Insurtech Fund I,6000000.0,Series B
Doubtnut,2016,2021,False,Gurugram,EdTech,"Doubtnut operates as an e-learning platform that enables users to ask study questions in Physics, Chemistry, and Math.","Aditya Shankar, Tanushree Nagori","Omidyar Network, Tencent Holdings",30000000.0,Series B
Infra.Market,2016,2021,False,Thane,Construction,Infra.Market is an online procurement marketplace for every category of materials and products needed for building projects.,"Aaditya Sharda, Souvik Sengupta","InnoVen Capital, Nexus Venture Partners",100000000.0,Series C
Kutuki,2017,2021,False,Bengaluru,EdTech,Kutuki is a learning platform focused on children between the ages of three and seven.,"Bharath Bevinahally, Sneha Sundaram",Omidyar Network India,2000000.0,Seed
Eupheus,2017,2021,False,New Delhi,EdTech,Eupheus Learning offers a seamless integrated learning solution for the K-12 market in India.,"Amit Kapoor, Rohit Dhar, Sarveshwar Shrivastava, Ved Prakash Khatri","Yuj Ventures, Sixth Sense Ventures",4000000.0,Series B
KreditBee,2018,2021,False,Bengaluru,FinTech,KreditBee is an Instant Personal Loan Platform for Young Professionals.,Madhusudan Ekambaram,"Premji Invest, Mirae Asset Naver Asia Growth Fund, Alpine Capital",75000000.0,Series C
Pencil,2019,2021,False,Mumbai,Content publishing,Pencil is a content publishing platform that enables writers to publish their work for free.,"Malini Nair, Preeti Chib, Swarup Nanda","Inflection Point Ventures, SucSEED Venture Partners",1000000.0,Pre-series A
UptimeAI,2016,2021,False,Bengaluru,AI startup,"Enable true digital transformation with AI driven insights, to enable manufacturers stay ten steps ahead of process inefficiencies and equipment failures","Jagadish Gattu, Vamsi Yalamanchili",YourNest Venture Capital,1500000.0,Seed
WizKlub,2018,2021,False,Bengaluru,EdTech,Wizklub uses a unique method of developing and nurturing Higher Order Thinking Skills in children,Amit Bansal,Incubate Fund India,800000.0,Pre-series A
Zolve,2020,2021,False,Bengaluru,FinTech,Zolve Innovations operates as a neo-banking startup.,Raghunandan G,"Kunal Shah, Greg Kidd",15000000.0,Seed
MediBuddy,2000,2021,False,Bengaluru,EdTech,"MediBuddy is a digital healthcare platform for inpatient hospitalization, outpatient services, and corporate wellness benefits.",Satish Kannan,"InnoVen Capital, TEAMFund",3000000.0,Debt
Pariksha,2015,2021,False,Pune,EdTech,"Pariksha - The Sucess App, India's largest vernacular test preparation company for the mobile 1st internet users of India.","Deepak Choudhary, Karanvir Singh Shekhawat, Utkarsh Bagri, Vikram Shekhawat","Venture Catalysts, 9Unicorns Accelerator Fund",2000000.0,Pre-series A
Express Stores,2019,2021,False,Gurugram,E-commerce,Express Stores is a retail and omnichannel startup company,"Apoorv Jain, Kartik Gupta","Venture Highway, Rohit Bansal",1000000.0,Seed
Phable,2017,2021,False,Bengaluru,HealthTech,Mobile App for Patients and Doctors,"Mukesh Bansal, Prasanth Reddy, Sumit Sinha","Fresco Capital, Social Starts",12000000.0,Series A
Supply6,2018,2021,False,Bengaluru,Helathcare,Supply6 is a food supplement brand that claims to provide nutritional supplements in drinkable forms such as smoothies.,"Rahul Jacob, Vaibhav Bhandari","Rohit Goutamchand, India CXO Fund",100000.0,Seed
Swajal,2015,2021,False,Gurugram,Water purification,Swajal uses clean solar energy to purify drinking water at an affordable rate.,"Advait Kumar, Vibha Tripathi","Rajasthan Venture Capital Fund, ACPL Exports",1600000.0,Pre-series A
BharatPe,2018,2021,False,New Delhi,FinTech,BharatPe develops a QR code-based payment app for offline retailers and businesses.,"Ashneer Grover, Shashvat Nakrani","Amplo, Insight Partners",100000000.0,Series D
Filo,2020,2021,False,New Delhi,EdTech,Instant learning platform for students while self study.,"Imbesat Ahmad, Shadman Anwer",Better Capital,260000.0,Pre-seed
Method & Madness,2020,2021,False,Mumbai,Real Estate,Method & Madness Technology operates as a real-estate tech company.,Aditya Jhaveri,Justin Mateen,2000000.0,Seed
EduFund,2020,2021,False,Gujarat,FinTech,Changing the way Indians evaluate and plan higher education,"Arindam Sengupta, Eela Dubey",View Trade Holding Corp,300000.0,Pre-seed
Pepperfry,2011,2021,False,Mumbai,E-commerce,Pepperfry is an online home and lifestyle shopping store selling products with cash on delivery facilities.,"Ambareesh Murty, Ashish Shah","InnoVen Capital, Bertelsmann India Investments",30000000.0,Debt
VerSe Innovation,2007,2021,False,Bengaluru,Innovation Management,Owner of Dailyhunt App and I-Pay,Virendra Gupta,"Canaan Valley Capital, Glade Brook Capital Partners",1000000000.0,Series H
Supersourcing,2020,2021,False,Indore,Software company,Build your next app or website with our exclusive network of certified IT companies.,"Mayank Pratap Singh, Aditi Chaurasia","Vijay Shekhar Sharma, Dr Ritesh Malik",200000.0,Seed
AutomataPi,2017,2021,False,Powai,Automation,AutomataPi is a next generation cognitive business process automation engine.,"Devesh Rao, Manjeet Khopkar, Rahul Hattangdi",Indian Angel Network,400000.0,Seed
Newton School,2019,2021,False,Bengaluru,EdTech,Newton School is a platform to learn and develop skills that you need for your best Tech career.,"Nishant Chandra, Siddharth Maheshwari","RTP Global, Harshil Mathur",5000000.0,Series A
Siply,2020,2021,False,Bengaluru,FinTech,Siply Services operates as a micro-savings platform.,"Sousthav Chakrabarty, Anil Bhat",Inflection Point Ventures,1000000.0,Seed
SarvaGram,2019,2021,False,Mumbai,FinTech,SarvaGram provides livelihood upgradation for aspiring households based in rural and semi-urban India.,"Utpal Isser, Sameer Mishra",Elevation Capital,10000000.0,Series B
Unlu,2020,2021,False,Gurugram,Celebrity Engagement,Personalised Video Shoutout from top celebrities,"Akshay Pruthi, Anurag Dalia, Himanshu Periwal, Vipul Agrawal",EXPERT DOJO,1000000.0,Seed
GlobalFair,2020,2021,False,Gurugram,Trading platform,One-stop solution for all your procurement needs,"Ashish Chandra, Shaily Garg","Saama Capital, India Quotient",2000000.0,Seed
Eduvanz,2016,2021,False,Mumbai,FinTech,"Eduvanz is new, innovative finance company, which is completely revolutionizing the student loan market.","Atul Sashittal, Raheel Shah, Varun Chopra","InCred Financial Services, Vivriti Capital, Northern Arc Capital",10000000.0,Debt
Progcap,2017,2021,False,New Delhi,FinTech,Progcap is a financial service company that provides financial opportunities for micro and small businesses in the last mile.,"Pallavi Shrivastava, Himanshu Chandra","Somak Ghosh, M V Nair",1000000.0,Debt
ABL Workspaces,2017,2021,False,New Delhi,Hospitality,ABL Workspaces is a co-working space where professionals from all walks of life come to work under one roof.,"Ankur Gupta, Akshita Gupta",Wurk,600000.0,Pre-series A
SplashLearn,2018,2021,False,Gurugram,EdTech,SplashLearn is an EdTech startup company providing game-based math and reading courses to students in pre-kindergarten to grade five.,"Arpit Jain, Joy Deep Nath, Mayank Jain, Umang Jain","Accel, Owl Ventures",18000000.0,Series C
Maya,2016,2021,False,Bengaluru,HealthTech,Maya enables women to keep track of their health via a mobile application.,John Paul,Rajan Anadan,2200000.0,Seed
MediBuddy,2000,2021,False,Bengaluru,HealthTech,MediBuddy is a Trusted Digital Platform for Cashless Healthcare. MediBuddy connects patients with doctors and hospitals.,"atish Kannan, Enbasekar","IDFC Private Equity, Bessemer Venture Partners",40000000.0,Series B
Zetwerk,2018,2021,False,Bengaluru,E-commerce,Zetwerk is an online marketplace that connects buyers and suppliers for manufacturing jobs.,"Amrit Acharya, Rahul Sharma, Srinath Ramakkrushnan, Vishal Chaudhary","Sequoia Capital India, Accel",120000000.0,Series D
YourPhysio,2020,2021,False,Nagpur,HealthTech,YourPhysio is a healthcare company on a mission to deliver 10x better patient experience in the domain of physiotherapy.,"Dr Sheetal Mundhada, Ashutosh Mundhada","Better Capital, Titan Capital",350000.0,Pre-seed
Aviom Housing Finance,2016,2021,False,New Delhi,FinTech,AVIOM India is an Affordable Housing Finance company facilitating families in mostly semi urban areas in realising their dream of owning their first home.,Kajal Ilmi,Gojo & Company,1000000.0,Debt
Hemp Horizons,2017,2021,False,Noida,Cannabis startup,Cannabis and Hemp company,Rohit Shah,Mumbai Angels,200000.0,Seed
Koo,2020,2021,False,Bengaluru,Blogging,Koo App operates as a microblogging app.,"Mayank Bidawatka, Aprameya Radhakrishna","3one4 Capital, Accel",4100000.0,Series A
InnerHour,2016,2021,False,Mumbai,Healthcare,InnerHour is mental health and wellness platform that provides therapy and diagnostics services and conducts online mental health workshops.,Amit Malik,"Hitesh Oberoi, Lightbox",5200000.0,Series A
Origo,2010,2021,False,Gurugram,AgriTech,"Origo Commodities, a complete post-harvest management financial solution for agricultural commodities.","Sunoor Kaul, Mayank Dhanuka",YES Bank,10000000.0,Debt
Elucidata,2015,2021,False,New Delhi,BioTechnology,Elucidata Corporation uses data analytics to transform decision-making processes in R&D labs in biotechnology and pharmaceutical companies.,"Abhishek Jha, Richard Kibbey, Swetabh Pathak",Hyperplane Venture Capital,5000000.0,Pre-series A
Saveo,2019,2021,False,Bengaluru,HealthTech,Saveo operates a business-to-business e-commerce platform focused on pharmacies.,"Amit Kumar, Anurag Savarnya, Shivansh Shrivastava, Vivek Jaiswal","Matrix Partners India, RTP Global",4000000.0,Seed
DotPe,2019,2021,False,Gurugram,FinTech,"DotPe is an innovative offline technology platform digitising merchant's customer engagement with mobile discovery, ordering and payments.","Anurag Gupta, Gyanesh Sharma, Shailaz Nag","Info Edge, Ruizheng Investment",8000000.0,Seed
SeeVC,2020,2021,False,New Delhi,Tech Startup,Leverages artificial intelligence (AI) to build products for the education sector,"Shivam Sood, Lark Aakarshan",Jimmy Singh,1000000.0,Seed
VenWiz,2020,2021,False,Bengaluru,B2B service,Digitising the interactions between core industry and vendors for engineering services,"Rajesh Reddy, Sandesh Paturi","Accel, Nexus Venture",300000.0,Seed
Headfone,2017,2021,False,Bengaluru,Social audio,Headfone helps create and share the audio content with listeners.,"Pratham Khandelwal, Yogesh Sharma",Hashed,3000000.0,Seed
GrowFix,2020,2021,False,Bengaluru,FinTech,Building high-yield Debt assets for retail investors,"Ajinkya Kulkarni, Abhik Patel","Zerodha's Rainmatter Capital, Better Capital",2000000.0,Seed
Dunzo,2015,2021,False,Bengaluru,Delivery service,Dunzo is a hyper-local delivery app that connects users to the nearest delivery partner.,"Ankur Aggarwal, Dalvir Suri, Kabeer Biswas, Mukund Jha","Lightbox, Evolvence India Fund",40000000.0,Series E
BeyondSkool,2020,2021,False,Mumbai,EdTech,BeyondSkool is a live upskilling platform for kids,Payal Gaba,Tomorrow Capital,2000000.0,Seed
Mindler,2015,2021,False,New Delhi,EdTech,Mindler is a career counseling company that provides career development guidance counseling services for students.,Prateek Bhargava,"Inflection Point Ventures, DLabs",1000000.0,Pre-series A
Fashinza,2020,2021,False,Gurugram,B2B Manufacturing,Fashinza is a B2B manufacturing marketplace that solves apparel/fashion supply chain challenges.,"Abhishek Sharma, Pawan Gupta","Accel Partners, Elevation Capital",2600000.0,Seed
BharatPe,2018,2021,False,New Delhi,FinTech,BharatPe develops a QR code-based payment app for offline retailers and businesses.,"Ashneer Grover, Shashvat Nakrani","InnoVen Capital, Steadview Capital",6000000.0,Debt
Turnip,2020,2021,False,Bengaluru,Gaming,Turnip is a live game streaming and community platform.,"Aditya Sharma, Pooja Dubey",Elevation Capital,1600000.0,Seed
Inficold,2015,2021,False,New Delhi,Solar,Provide uninterrupted and affordable cooling for refrigeration,"Himanshu Pokharna, Nitin Goel",Shell Foundation,900000.0,Pre-series A
KIWI,2020,2021,False,New Delhi,TaaS startup,"A peer to peer support network, which would enable billions of users across the world","Imran Ladiwala, Mishu Ahluwalia","PointOne Capital, Core91 VC",250000.0,Seed
BharatPe,2018,2021,False,New Delhi,FinTech,BharatPe develops a QR code-based payment app for offline retailers and businesses.,"Ashneer Grover, Shashvat Nakrani","InnoVen Capital, Steadview Capital",10000000.0,Debt
Udayy,2019,2021,False,Gurugram,EdTech,Interactive learning platform for kids,"Saumya Yadav, Mahak Garg, Karan Varshney",Alpha Wave Incubation,2500000.0,Seed
DeHaat,2012,2021,False,Patna,AgriTech,DeHaat connects farmers to suppliers and buyers on a single platform.,"Shashank Kumar, Manish Kumar","Prosus Ventures, RTP Global",30000000.0,Series C
Samunnati,2014,2021,False,Chennai,AgriTech,Samunnati is a specialized agriculture value chain enabler providing innovative and customized financial and non-financial solutions.,Anil Kumar,"U.S. International Development Finance Corp, responsAbility",10000000.0,Debt
Biconomy,2019,2021,False,New Delhi,Blockchain startup,Biconomy is a technology company building transaction infrastructure for next-generation Web 3 applications.,"Ahmed Al-Balaghi, Aniket Jindal, Sachin Tomar","Binance Labs, Zee Prime Capital",1500000.0,Seed
PurpleTutor,2019,2021,False,Mumbai,EdTech,PurpleTutor is the only coding platform that mandates every teacher to have a formal Computer Science degree,"Gaurav Perti, Yatish Gupta",IvyCap Ventures,300000.0,Seed
Karkhana.io,2018,2021,False,Mumbai,Manufacturing startup,Karkhana.io is an on-demand manufacturing platform with a vision of digitalizing manufacturing.,Sonam Motwani,Zone Startups In,1500000.0,Seed
CoinSwitch Kuber,2017,2021,False,Bengaluru,Cryptocurrency,Coinswitch.co is a cryptocurrency exchange aggregator platform.,"Ashish Singhal, Govind Soni, Vimal Sagar Tiwari","Ribbit Capital, Kunal Shah",15000000.0,Series A
Infra.Market,2016,2021,False,Thane,E-commerce,Infra.Market is an online procurement marketplace for every category of materials and products needed for building projects.,"Souvik Sengupta, Aaditya Sharda",InnoVen Capital,6000000.0,Debt
ReadyAssist,2018,2021,False,Bengaluru,Vehicle repair startup,"ReadyAssist is one of the India's leading 24/7 roadside assistance, breakdown support, towing and repairs provider for both Bikes & Cars.",Vimal Singh SV,Satish Grampurohit,1000000.0,Seed
Ergos,2012,2021,False,Samsitpur,AgriTech,Ergos is building an integrated supply chain platform that enables farmers to convert their grains to digital assets.,"Kishor Kumar Jha, Praveen Kumar","CDC Group, Aavishkaar Venture Capital",3000000.0,Series A
Toothsi,2018,2021,False,Mumbai,Healthcare,ToothSi is a new age startup in the dental space providing smile correction services at home.,"Dr Arpi Mehta, Dr Pravin Shetty, Dr Manjul Jain, Dr Anirudh Kale",Think Investments,5000000.0,Series A
Jumbotail,2015,2021,False,Bengaluru,Food and Beverages,"Jumbotail is solving an important problem of organising food and grocery ecosystem in India through technology, data science and design.","Ashish Jhina, Karthik Venkateswaran","Nexus Venture Partners, 23 High Networth Individuals (HNIs)",14300000.0,Series B3
Phi Commerce,2015,2021,False,Pune,FinTech,"Payments Facilitator, Payments solution provider etc.","Anil Sharma, Jose Thattil, Rajesh Londhe, Tushar Shankar","Yatra Angel Network, BEENEXT",4000000.0,Series A
Finsall,2019,2021,False,Bengaluru,Insuretech,Finsall provides Insurance Premium Financing,"Prabal Khanna, Tim Mathews",Unicorn India Ventures,300000.0,Seed
Practically,2018,2021,False,Telangana,EdTech,"Making Learning personal, immersive and experiental",Subbarao Siddabattula,Siana Capital,4000000.0,Pre-series B
Cred,2018,2021,False,Bengaluru,FinTech,CRED is a Bengaluru-based fintech startup that offers rewards for customers who use its platform to pay their credit card bills.,Kunal Shah,"DST Global, General Catalyst",81000000.0,Series C
Zerone,2018,2021,False,Gurugram,FinTech,"Convert smartphones into a POS machine using our ZUP proximity payment technology, with no additional hardware and no need for NFC.",Jaijit Bhattacharya,Anthill Ventures,1300000.0,Pre-series A
boAt,2016,2021,False,Mumbai,Fashion & Lifestyle,boAt is a lifestyle brand that deals in fashionable consumer electronics.,"Aman Gupta, Sameer Mehta","InnoVen Capital, InnoVen Capita",100000000.0,PE
Kyt,2020,2021,False,Bengaluru,EdTech,"An online-first, global academy for extracurricular learning | Private & small group online classes for kids","Bhavik Rathod, Tripti Ahuja",Alpha Wave Incubation,5000000.0,Series A
BharatPe,2018,2021,False,New Delhi,FinTech,BharatPe develops a QR code-based payment app for offline retailers and businesses.,"Ashneer Grover, Shashvat Nakrani","Steadview Capital, Insight Partners",8200000.0,Debt
CropIn,2010,2021,False,Bengaluru,AgriTech,CropIn is a leading AI and Data-led agri-tech organization that provides SaaS solutions to agribusinesses globally using deep learning.,Krishna Kumar,"Invested Development, Pratithi Investment Trust",20000000.0,Series C
Vanity Wagon,2018,2021,False,Haryana,Cosmetics,"Vanity Wagon is India’s #1 Natural Organic Beauty Marketplace. Buy Ayurvedic Natural Beauty Products in India for skin, hair & body care.",Prateek Ruhail,"Dhianu Das, Agility Venture Partners",200000.0,Seed
Oyo,2012,2021,False,Gurugram,Hospitality,OYO operates a branded network of hotels designed to offer standardized stay experiences.,Ritesh Agarwal,Hindustan Media Venture,7000000.0,Series F1
HobSpace,2019,2021,False,Mumbai,EdTech,HobSpace is a platform for extra-curricular activities online and offline for kids between 3-14 years.,"Priya Goel Sheth, Harsh Jain","Siddharth Bhaskar Shah, Upsparks",100000.0,Pre-series A1
KiranaKart,2020,2021,False,Mumbai,E-commerce,A better model for instant grocery delivery in India.,"Kaivalya Vohra, Aadit Palicha",Global Founders Capital,720000.0,Pre-seed
Meddo,2018,2021,False,Gurugram,Healthcare,Meddo is an end-to-end medical services provider,Saurabh Kochhar,"growX ventures, Venture Gurukool",3000000.0,Pre-series A
SP Robotic Works,2012,2021,False,Chennai,EdTech,An innovative place to explore next-generation technologies for students and all tech enthusiasts.,"Sneha Priya, Pranavan S",Mount Judi India Growth Fund,3000000.0,Series A
3SC,2018,2021,False,Gurugram,Logistics,An end-to-end supply chain analytics company that provides execution and analytics solutions which are comprehensive and customized.,"Lalit, Sarita Das",GEF Capital’s South Asia Fund,15000000.0,Series B
Minimalist,2020,2021,False,Jaipur,Cosmetics,Affordable skincare for all,"Mohit, Rahul Yadav",Sequoia Capital,10000000.0,Series A
90+ My Tuition App,2015,2021,False,Bengaluru,EdTech,Daskalos Virtual Academy Pvt Ltd is a company set up by a group of professionals who perform innovative work in management.,Vingish Vijay,Pearl Investment LLC,5000000.0,Series A
Wasabi,2021,2021,False,Bengaluru,Consulting,Help small businesses grow their sales via our customer interaction and growth platform.,"Pradeep Dodle, Nikhil Goenka","021 Capital, Sparrow Capital",1800000.0,Seed
Strata,2019,2021,False,Bengaluru,Real Estate,Strata is an innovative tech-driven platform redefining Fractional Investments in Premium Commercial Real Estate,"Sudarshan Lodha, Priyanka Rathore","Kotak Investment Advisors Limited, Gruhas Proptech",6000000.0,Series A
Ourbetterplanet,2020,2021,False,Bengaluru,E-commerce,A curated online marketplace for all things sustainable!,Pallavi Srivastava,VANS Group,300000.0,Seed
Murf.ai,2020,2021,False,Bengaluru,SaaS startup,"Murf AI is working on simplifying voice audio and making high-quality voice overs accessible to everyone, using artificial intelligence.","Sneha Roy, Ankur Edkie, Divyanshu Pandey",Elevation Capital,1500000.0,Seed
MYFITNESS,2019,2021,False,Silvassa,Fitness,"A new age D2C health & fitness brand with a mission to deliver products that taste good, feel good and do good.","Mohammad Patel, Rahil Virani",9Unicorns,1000000.0,Seed
I am Love,2020,2021,False,Mumbai,Healthcare,"I am Love came into existence in early 2020, with the aim of redefining the relationship we have with our health.",Shilpa Rathi,Xentel Investments,4000000.0,Seed
Eloelo,2015,2021,False,Bengaluru,Gaming,Creator-led Social Gaming & Live Streaming Platform,"Saurabh Pandey, Akshay Dubey","Waterbridge, Lumikai",2000000.0,Pre-series A
Edukemy,2020,2021,False,Noida,EdTech,"Edukemy is the first EdTech company in the country, in the non –STEM segment, offering an immersive learning experience to the students, supported by cutting-edge technology and an AI-based evaluation system.",Chandrahas Panigrahi,"Auxano, Falcon5",2000000.0,Pre-series A
Zingbus,2019,2021,False,Gurugram,Mobility,Zingbus is a renowned brand in the bus operating industry.,"Mratunjay, Prashant Kumar, Ravi Kumar Verma",Infoedge ventures,5000000.0,Pre-series A
NewsReach,2018,2021,False,Ahmedabad,Media,NewsReach is a Mumbai based company that wants to create a disruptive ecosystem of original and local news content.,"Soniya Kundnani, Darshan Shah",JITO Angel Network,300000.0,Seed
Pencilton,2017,2021,False,Hyderabad,FinTech,"India's first app for kids & teens to manage and spend pocket money while learning about money in a fun, gamified way.","VishwajitPureti, Ashish Singh, Pallavi Tipparaju, Viraj Gadde",Jupiter,330000.0,Pre-seed
The Whole Truth,2019,2021,False,Mumbai,Food & Beverages,"Believe simple, homely ingredients, minimally processed, are the secret to nutritious, tasty food",Shashank Mehta,Sequoia Capital,6000000.0,Series A
Insane AI,2021,2021,False,Bengaluru,Fitness,Mainstream fitness formats are a primitive solution to the modern problems of a sedentary lifestyle.,"Anurag Mundhada, Jayesh Hannurkar, Sourabh Agrawal",pi Ventures,800000.0,Seed
Go Swift,2019,2021,False,Bengaluru,Consumer Services,Help small & medium sized businesses to grow by helping them with their shipping requirements at the cheapest and most reliable service.,"Shyam Kalita, Debanshu Sinha, Prayas Mittal",Kalaari Capital,2000000.0,Pre-series A
G.O.A.T,2021,2021,False,Bengaluru,D2C,G.O.A.T Brand Labs provides a tech-enabled platform for D2C brands to scale.,"Rishi Vasudev, Rameswar Misra","Tiger Global, Flipkart Ventures",36000000.0,Series A
ReDesyn,2016,2021,False,Mumbai,Merchandise,"Merchandise drop-shipping platform for influencers, designers, creators & brands.","Smriti Dubey, Shikhar Vaidya",Anthill Ventures,300000.0,Pre-series A
Knorish,2016,2021,False,Gurugram,EdTech,"Saas platform offers a feature packed platform enables businesses, experts, professionals, artists, instructors, specialists, coaches, people seeking work from home opportunities","Rakhi Wadhwa, Kinner N Sacchdev","Inflection Point Ventures, Rockstud Capital, Pentathlon Ventures, Prophetic Ventures syndicate",1000000.0,Pre-series A
Dozee,2015,2021,False,Bengaluru,Healthcare,"Dozee is India's only contactless health monitor that silently tracks your heart, respiration, sleep patterns, stress levels, cardiac contractions, apnea and more while you sleep.","Mudit Dandwate, Dandwate",Prime VP,5000000.0,Series A
BlackBuck,2015,2021,False,Bengaluru,Logistics & Supply Chain,BlackBuck marks the beginning of a new path in trucking. A path that is organized and makes trucking simple for every shipper and trucker.,"B Ramasubramanian, Chanakya Hridaya, Rajesh Yabaji","Tribe Capital, IFC Emerging Asia Fund, VEF",67000000.0,Series E
Mailmodo,2020,2021,False,Bengaluru,Marketing & Advertising,Mailmodo is a complete email marketing solution enabling users to create and send app-like interactive emails to improve email conversions.,"Aquibur Rahman, Apurv Gupta, Devyesh Tandon","Sequoia’s Surge, Y Combinator",2000000.0,Seed
NirogStreet,2018,2021,False,New Delhi,Healthcare,Nirogstreet as a concept is working to make #Ayurveda first call of treatment.,Ram N Kumar,"Gokul Rajaram, Pureland Venture, Wavemaker Partners",2500000.0,Series A
Even,2020,2021,False,Bengaluru,Healthcare,One monthly subscription to cover all your healthcare needs.,"Mayank Banerjee, Matilde Giglio, Alessandro Davide Ialongo",Khosla Ventures,5000000.0,Seed
Captain Fresh,2019,2021,False,Bengaluru,Logistics,A B2B marketplace leveraging technology to deliver the fastest harvest-to-retail in the industry.,Utham Gowda,"Accel Partners, Matrix India",12000000.0,Series A
Otipy,2020,2021,False,Gurugram,Food & Beverages,Otipy helps the farmer to deliver farm fresh vegetables & fruits at doorstep.,Varun Khurana,"Omidyar Network India, Innoven Capital",10200000.0,Series A
Edvizo,2017,2021,False,Bengaluru,Consumer Services,"Edvizo is an online marketplace to help students and parents find, compare and enroll in the best and trusted private institutes in their locality",Ravi Nishant,Inflection Point Ventures,1000000.0,Pre-series A
GlobalBees,2021,2021,False,New Delhi,D2C Business,Globalbees partners with entrepreneurs who have built an online-first business. Our team scales up D2C businesses in India and abroad.,Nitin Agarwal,"FirstCry, Lightspeed Venture Partners",150000000.0,Series A
Spinny,2015,2021,False,Gurugram,Automotive,Spinny is a new age used car end-to-end platform in India.,"Niraj Singh, Mohit Gupta, Ramanshu Mahaur",Tiger Global,108000000.0,Series D
Mynvax,2017,2021,False,Bengaluru,Biotechnology,Mynvax is a pre-clinical stage vaccine biotechnology. Current develop programs include a recombinant vaccine for human influenza and COVID19.,"Dr Raghavan Varadarajan, Dr Gautham Nadig","Accel, LetsVenture, 1Crowd",4000000.0,Series A
Uvi Health,2020,2021,False,Bengaluru,Healthcare,Digital health platform delivering personalized care for women’s sexual and reproductive health concerns,Mehak Malik,Titan Capital,330000.0,Pre-seed
HealthifyMe,2012,2021,False,Bengaluru,Healthcare,HealthifyMe is a revolutionary health and fitness application that is on a mission to transform a billion lives!,"Tushar Vashisht, Sachin Shenoy","LeapFrog, Khosla Ventures",75000000.0,Series C
Sea6 Energy,2010,2021,False,Bengaluru,Biotechnology,"Sea6 Energy envisions a future where the abundant oceans will be our biomass farms of tomorrow - to provide solutions in energy, agriculture and food.","Sailaja Nori, Nelson Vadassery, Sowmya Balendiran, Shrikumar Suryanarayan",Aqua-Spark,9000000.0,Series B
Beco,2018,2021,False,Mumbai,Consumer Goods,"Eco-friendly home and kitchen care products that are plastic-free, high in quality and affordable.","Aditya Ruia, Akshay Varma, Anuj Ruia",Climate Angels Fund,500000.0,Seed
MedPay,2020,2021,False,Bengaluru,Information Technology,MedPay® is building the real-time claims adjudication platform for health insurers.,"Arun Bhatia, Ravi Chandra","Entrepreneur First (EF), GrowX Ventures",1200000.0,Seed
Digantara,2018,2021,False,Bengaluru,SpaceTech,"Digantara is an Indian Space Technology Company incubated at Indian Institute of Science (IISc), establishing a space-based surveillance platform with global realtime earth coverage","Anirudh N Sharma, Rahul Rawat, Tanveer Ahmed",Kalaari Capital,2500000.0,Seed
Aqgromalin,2018,2021,False,Chennai,AgriTech,Aqgormalin is a tech driven farm diversification platform enabling farmers to diversify into Animal Husbandry and Aquaculture.,"Prasanna Manogaran, Bharani CL",Zephyr Peacock,700000.0,Seed
Ola Electric,2017,2021,False,Bengaluru,Automotive,Ola Electric - The future of mobility is here.? Charging ahead to accelerate the world’s transition to sustainable mobility.,Bhavish Aggarwal,Bank of Baroda,100000000.0,Debt
Trell,2016,2021,False,Bengaluru,Social commerce,India's Largest Lifestyle Social Commerce platform. Empowering millions of storytellers & Micro-Entrepreneurs.,"Pulkit Agarwal, Prashant Sachan, Arun Lodhi, Bimal Kartheek Rebba","Mirae Asset, H&M",45000000.0,Series B
EasyAspataal,2020,2021,False,Mumbai,Healthcare,India’s First Digital Admission Desk for Hospitalisation.,"Manoj Gupta, Gunjali Kothari",Venture Catalysts,500000.0,Seed
Arcana,2019,2021,False,Bengaluru,Information Technology,Arcana is the Storage Layer of Ethereum.,"Mayur Relekar, Aravindh Kumar, Abhishek Chaudhary",Balaji Srinivasan,370000.0,Seed
Aquaconnect,2017,2021,False,Chennai,Fishery,Aquaconnect is a global full-stack aquaculture technology venture that provides data-driven farm advisory and marketplace solutions to fish and shrimp farmers,Rajamanohar,"Rebright Partners, Flourish Ventures",4000000.0,Pre-series A
LetsDressUp,2019,2021,False,Gurugram,Apparel & Fashion,Building India's version of Stitch Fix,Aditya B,"Titan Capital, Sequoia Capital",300000.0,Pre-series A
Ati Motors,2017,2021,False,Bengaluru,Automotive,Autonomous industrial vehicle maker,"Saurabh Chandra, Saad Nasser","Blume Ventures, Exfinity Venture Partners",35000000.0,Pre-series A
peAR,2018,2021,False,Mumbai,Deeptech,An AR / VR tech based Start-up in Mumbai.,"Dharmin Vora, Dhruvesh Mehta, Parth Vora",Inflection Point Ventures,300000.0,Pre-series A1
The Sleep Company,2019,2021,False,Mumbai,Consumer Goods,Patent Pending sleep technology developed by actual Rocket Scientists and sleep experts after years of research.,Unknown,Fireside Ventures,1000000.0,Pre-series A
FRAAZO,2020,2021,False,Mumbai,Food & Beverages,FRAAZO is Mumbai's favourite App for Fresh Vegetables and Fruits coming straight from the Farm to your Doorstep within 18 Hours.,"Atul Kumar, Aashish Krishnatre","Sixth Sense Ventures, NABVENTURES",11000000.0,Series A
Licious,2015,2021,False,Bengaluru,Food & Beverages,"Licious is a consumer food company, focussed at delighting the world with an unmatched range of meat & meat products.","Abhay Hanjura, Vivek Gupta","Temasek, Multiples PE",192000000.0,Series F
WinZO,2018,2021,False,New Delhi,Gaming,WinZO is the largest social gaming and entertainment platform in India.,Paavan Nanda,Griffin Gaming Partners,65000000.0,Series C
Skylark Drones,2014,2021,False,Bengaluru,Aviation,"Enterprise drone solutions that help plan, build, and sustain the world we live in.",Mughilan Thiru Ramasamy,"InfoEdge Ventures, IAN Fund",3000000.0,Pre-series A
MyMobiForce,2018,2021,False,Noida,Internet,"Crowdsourcing platform imparting best-in-class services with immensely talented, skilled & qualified workforce pan-India","Dheeraj Khatter, Himanshu Kumar, Kshitiz Saini",Bharat Inclusion,1400000.0,Pre-series A
Neverinstall,2019,2021,False,Bengaluru,Information Technology,A cloud platform to bring any GUI application regardless of OS and Device type to the browser.,"Lakshmana Pasala, Ram Pasala",Speciale Invest,370000.0,Seed
BeatO,2015,2021,False,New Delhi,Healthcare,ULTIMATE app to manage chronic conditions.,Gautam Chopra,W Health Ventures,5000000.0,Pre-series B
Earth Rhythm,2020,2021,False,Gurugram,Cosmetics,A mission to make customers healthier and Earth a little greener.,Harini Sivakumar,Anicut Angel Fund,1200000.0,Seed
Fountain9,2019,2021,False,Mumbai,Computer software,"Fountain9 is a Y Combinator backed company, which offers predictive inventory planning and optimization software for e-commerce, DTC and retail companies.","Niki Khokale, Rajas Lonkar","021 Capital, Y Combinator",1900000.0,Seed
Shiprocket,2012,2021,False,New Delhi,Logistics,India's #1 eCommerce Logistics and Shipping Solution Empowering over 1 Lakh Indian eCommerce Sellers.,"Saahil Goel, Akshay Ghulati","March Capital, Tribe Capital",41000000.0,Series D1
Teachmint,2020,2021,False,Bengaluru,EdTech,Teachmint is an all-in-one education technology platform created specifically for the tutors of the digital age.,"Mihir Gupta, Payoj Jain, Divyansh Bordia, Anshuman Kumar",Learn Capital,20000000.0,Pre-series B
Vahak,2017,2021,False,Bengaluru,Transportation,Building India's Largest & Most Trusted Online Transport Marketplace & Directory,"Vikas Chandrawat, Karan Shaha",RTP Global,5000000.0,Pre-series A
goSTOPS,2014,2021,False,New Delhi,Hospitality,goSTOPS aims to be India’s biggest and most loved backpacker hostel brand.,"Pallavi Agarwal, Pankaj Parwanda","IAN, Yuj Ventures",1000000.0,Pre-series A
Delhivery,2011,2021,False,Gurugram,Logistics,"Delhivery is a supply chain services company that provides transportation, warehousing, freight, and order fulfillment services.","Bhavesh Manglani, Kapil Bharati, Mohit Tandon, Sahil Barua, Suraj Saharan","Fidelity, GIC",270000000.0,Series H
Avishkaar,2014,2021,False,New Delhi,EdTech,India's leading Ed-Tech startup spearheading the Maker Revolution in the sub-continent,"Rajeev Gaba, Tarun Bhalla",Auxano,600000.0,Pre-series A
Jobsgaar,2020,2021,False,New Delhi,Job discovery platform,India's first District level/ Hyper Local Job discovery platform,Atul Pratap Singh,SucSEED Indovation Fund,140000.0,Seed
Breathe Well-being,2015,2021,False,New Delhi,HealthCare,Breathe Wellbeing is an interactive and personalized platform that helps organization increase employee engagement and productivity.,"Aditya Kaicker, Rohan Verma","Stanford Angels and Entrepreneurs India, Anjali Bansal",1000000.0,Pre-series A
Urban Company,2014,2021,False,New Delhi,Home services,Urban Company is an India-based company providing a marketplace for freelance labor.,"Abhiraj Singh Bhal, Raghav Chandra, Varun Khaitan","Vy Capital, Wellington Management",250000000.0,Series F
MYBYK,2014,2021,False,Ahmadabad,Rental,MYBYK is an app that provides premium bicycle sharing and rental service.,Arjit Soni,Avon Cycles,1000000.0,Pre-series A
Locus,2015,2021,False,Bengaluru,Logistics,Locus is an intelligent decision-making and automation platform for logistics.,"Geet Garg, Nishith Rastogi","Blume Ventures, Exfinity Venture Partners",50000000.0,Series C
Crejo.Fun,2020,2021,False,Bengaluru,EdTech,Crejo.Fun is a digital extracurricular learning platform being built with an intent to help children discover their passions and interests through creative learning.,Vikas Bansal,"Matrix Partners India, 021 Capital",3000000.0,Seed
Bambinos,2020,2021,False,Bengaluru,EdTech,Cohort based extracurricular course for kids,"Ashish Gupta, Ankit Hetamsaria","HNIs, Angels",500000.0,Seed
Spardha,2016,2021,False,Pune,EdTech,"Spardha School Of Music, Spardha Academy, Spardha Online are associated marks with Spardha Learnings Private Limited.","Saurabh Srivastav, Amrita Srivastav",Inflection Point Ventures,400000.0,Pre-series A1
Fyllo,2019,2021,False,Bengaluru,AgriTech,Fyllo brings farms on palms by installing on field devices and actions on top of this data.,"Sudhanshu Rai, Sumit Sheoran","Indian Angel Network, Titan Capital, Lead Angels",400000.0,Seed
Swiflearn,2019,2021,False,Gurugram,EdTech,Swiflearn provides online tuition classes to small batches to ensure personalised learning.,"Abhinav Agarwal, Anand Bakode","Venture Highway, Stellaris Venture Partners",3000000.0,Pre-series A
QuickSell,2017,2021,False,Mumbai,E-commerce,B2B Mobile Commerce Platform,Deepak Bhagchandani,"Sanjay Baldwa, Ajay Jain",2000000.0,Pre-series A
Truemeds,2019,2021,False,Mumbai,Heathcare,Truemeds is a health-tech startup.,"Akshat Nayyar, Kunal Wani",InfoEdge,5000000.0,Series A
F5,2018,2021,False,New Delhi,Food & Beverages,F5 is a foods and beverages company.,"Lalit Aggarwal, Raghav Arora","Venture Catalysts, Jeevak Gupta",300000.0,Pre-series A
Refyne,2020,2021,False,Bengaluru,FinTech,Refyne partners with organisations to extend on-demand Earned Wage Access (EWA) to employees.,"Chitresh Sharma, Apoorv Kumar","DST Global, RTP Global",20000000.0,Series A
Greenjoules,2018,2021,False,Pune,Renewable Energy,Greenjoules is a green energy technology startup that specializes in making renewable biofuels.,"R. Sethunath, V S Shridhar, V. Radhika, Viraraghavan Sankaran",Blue Ashva Capital,4500000.0,Series A
MentorKart,2018,2021,False,New Delhi,Consulting,MentorKart™ helps to fulfil dreams and take that big step towards success.,"Ashish Khare, SK Mohanty","Amit Singal, Manish Aggarwal",150000.0,Seed
Leverage Edu,2017,2021,False,New Delhi,EdTech,AI-enabled marketplace designed to help students with their higher education and career growth plans,Akshay Chaturvedi,"Trifecta Capital Advisors, Blume Ventures",2000000.0,Debt
Kale Logistics,2010,2021,False,Thane,Logistics,Kale Logistics Solutions is a global IT solutions provider focused on providing cutting-edge technology solutions to the Logistics industry.,"Amar More, Vipul Jain",Inflexor Ventures,5000000.0,Series A
Pee Safe,2013,2021,False,Gurugram,HealthCare,Redcliffe Hygiene Private Limited is India's fastest growing hygiene company.,"Dheeraj Jain, Srijana Bagaria, Vikas Bagaria","Shaival Desai, Alkemi Venture Partners",3000000.0,Pre-series B
SimpliContract,2020,2021,False,Bengaluru,Software,"SimpliContract is an Enterprise SaaS offering, focused on end to end Contract Life-cycle Management.","Guru Venkatesan, Jinaraj PG, Makesh Kumar",Kalaari Capital,1800000.0,Seed
Dropshop,2019,2021,False,Bengaluru,Logistics,Building technology to make distribution efficient and cheaper for large and small FMCG companies,"Udit Dhawan, Rohit Fernandes, Ravi Teja",Inflection Point Ventures,1000000.0,Pre-series A
Jumbotail,2015,2021,False,Bengaluru,E-commerce,Jumbotail is an operator of an online marketplace that simplifies food and grocery shopping.,"Ashish Jhina, Karthik Venkateswaran",Alteria Capital,4000000.0,Debt
Convosight,2019,2021,False,New Delhi,SaaS startup,A mission - to help community builders become community entrepreneurs.,Tarun Dhamija,Qualgro,9000000.0,Series A
Junio,2020,2021,False,New Delhi,FinTech,Junio is a kids-focused digital pocket money-smart card.,Ankit Gera,"Amit Lakhotia, Pravin Jadhav",600000.0,Seed
Flexmoney,2015,2021,False,Mumbai,FinTech,"Flexmoney’s mission is to address the enormous digital credit market opportunity created by the disruption from e-commerce, EMI and BNPL checkout finance",Yezdi Lashkari,Pravega Ventures,4800000.0,Series A
Fampay,2019,2021,False,Bengaluru,FinTech,India's first numberless card and UPI without a bank account,"Kush Taneja, Sambhav Jain","Greenoaks Capital, Elevation Capital",38000000.0,Series A
Apna,2019,2021,False,Bengaluru,Human Resources,India's Professional App - Apna is dedicated to solving the problem of unemployment at the grassroot level,Nirmit Parikh,"Sequoia Capital India, rocketship.vc",70000000.0,Series B
BrowserStack,2011,2021,False,Mumbai,SaaS startup,BrowserStack is a leading software testing platform powering over two million tests every day across 15 global data centres.,"Nakul Aggarwal, Ritesh Arora",Accel,200000000.0,Series B
Vital,2018,2021,False,New Delhi,Insuretech,"An affordable, digital health plan built around to cover both big and small expenses",Rahul Kumar,BLinC Invest,3000000.0,Pre-series A
Imagimake,2011,2021,False,Mumbai,Innovation management,An innovative play system to help children create their imagination,"Disha Katharani, Ravi Kumar","Roha Investment Managers, angel investor Saumil Shah",500000.0,Pre-series A
MSMEx,2019,2021,False,Andheri,EdTech,MSMEx connects micro and small Business Owners with curated Business Experts over live video.,"Amit Kumar, Vishal Kumar, Dilip Kumar, Khushboo Arora, Kumar Sambhav","TNF Ventures, Razorpay",1000000.0,Pre-series A
RenewBuy,2015,2021,False,Gurugram,Insuretech,Simplest way to renew car insurance. Get quote and insure car in couple of minutes,"Balachander Sekhar, Sandeep Nanda","Lok Capital, IIFL Asset Management",45000000.0,Series C
Kutumb,2020,2021,False,Bengaluru,Community platform,Kutumb is a social community enabler.,"Mohit Sharma, Naveen Dewangan, Vipul Allawadhi","Tiger Global Management, DST Global",26000000.0,Series A
Superplum,2019,2021,False,Noida,AgriTech,Building India's most sophisticated platform for high quality fresh food,Shobhit Gupta,Marquee investors,3800000.0,Pre-series A
Upside AI,2017,2021,False,Mumbai,FinTech,Upside AI on the thesis that technology will make better investing decisions than humans over the long term.,"Kanika Agarrwal, Nikhil Hooda, Atanuu Agarrwal",Endiya Partners,1200000.0,Seed
Skillmatics,2016,2021,False,Mumbai,EdTech,Skillmatics develops learning games for pre-school and primary school kids aged under 10,Dhvanil Sheth,Sequoia Capital India,6000000.0,Series A
Bimaplan,2020,2021,False,Bengaluru,Insuretech,Affordable insurance for the next billion Indians,Vikul Goyal,"Roshan Abbas, Ritesh Malik",2500000.0,Pre-series A
Bueno Finance,2019,2021,False,Gurugram,FinTech,"Bueno Gig Growth Technologies Pvt Ltd (""Bueno Finance"") is a financial services platform which aims is to help improve the financial health of customers.","Saurav Gandhi, Sandeep Arora","Goat Capital, JAM Fund",3000000.0,Seed
CityMall,2019,2021,False,Gurugram,E-commerce,CityMall is a social e-commerce platform that sells lifestyle and curated products via peer-to-peer referrals on WhatsApp.,"Angad Kikla, Naisheel Verdhan","General Catalyst, Jungle Ventures",22000000.0,Series B
CoffeeMug.ai,2020,2021,False,New Delhi,Networking,"A video first global platform of senior professionals, connecting 1:1, virtually or over coffee, building a powerful, long-lasting relationship.","Abhishek Sharma, Dipti Tandon","Paradigm Shift Capital, AngelList India",620000.0,Pre-seed
Kazam,2020,2021,False,Bengaluru,EV startup,"Kazam provides end to end Electric Vehicle charging solutions for Office Spaces, Apartments, Restaurants, Shops","Akshay Shekhar, Vaibhav Tyagi",Inflection Point Ventures,900000.0,Seed
BimaPe,2020,2021,False,Mumbai,FinTech,BimaPe demystifies Insurance and its Management for individuals and families across India. 'BimaPe Bharosa Karo',Rahul Mathur,"iSeed, Titan Capital",500000.0,Pre-seed
Synapsica,2017,2021,False,New Delhi,HealthCare,Artificial Intelligence tools to make quality diagnostic assessment available for all.,"Meenakshi Singh, Dr Cherian, Kuldeep Singh Chauhan","IvyCap Ventures, Endiya Partners",4000000.0,Series A
GoMechanic,2016,2021,False,Gurugram,Automotive,"GoMechanic is India’s leading multi-brand car service company, committed to making the car servicing experience hassle-free & easy for everyone.",Kushal Karwa,"Tiger Global, Sequoia",42000000.0,Series C
Classplus,2017,2021,False,Noida,EdTech,Classplus was born out of an urge to redefine classroom engagement in this country.,"Mukul Rustagi, Bhaswat Agarwal",Tiger Global,65000000.0,Series C
WINDO,2020,2021,False,Hyderabad,E-commerce,Convert Instagram Page Into an Online Store in under 2-minutes. Create a free online store and automate your sales.,"Silus Reddy Chintapalli, Rakesh Vaddadi",Unicorn India Ventures,500000.0,Seed
GoBolt,2015,2021,False,Gurugram,Logistics,"GoBOLT is a tech-logistics company operating in Line Haul & Short Haul Trucking, creating value through dis-intermediation, increased asset utilization and extensive use of technology.","Naitik Baghla, Parag Aggarwal, Sumit Sharma","Paragon Partners, Aavishkaar Capital",20000000.0,Series B
Loco,2018,2021,False,Bengaluru,Gaming,Loco is India's leading live game streaming app.,"Anirudh Pandita, Ashwin Suresh","Krafton, Lumikai",9000000.0,Seed
Auric,2017,2021,False,New Delhi,HealthCare,Contemporary Beauty & Wellness Brand Based on Ayurveda,Deepak Agarwal,Venture Catalysts,2000000.0,Pre-series A
Airblack,2019,2021,False,Gurugram,IT startup,Airblack is on a mission to help people convert their passion to a livelihood.,"Videt Jaiswal, Vaibhav Raj Gupta","Edge Ventures, Elevation Capital",5200000.0,Series A
Nestroots,2016,2021,False,Gurugram,Fashion,"Ottoman, Stool, Brass Kitchen Solutions, Masala Box, Roti Box, Bar Accessories and Many Gifting Options at Nestroots.",Chhavi Singh,We Founder Circle,100000.0,Seed
TABLT,2018,2021,False,Kolkata,HealthCare,TABLT [Previously Sabse Sasta Dukaan] is one of India's most trusted online pharmacy dealing in medicines and other healthcare products.,Anish Agarwal,Siti Cable,3000000.0,Seies A
Hesa,2020,2021,False,Hyderabad,IT startup,HESA is connecting Bharat with India and India with Bharat Phygitally. We are bridging the gap for the world’s largest customer base that resides in rural India.,"Vamsi Udayagiri, Hema Nandiraju","Venture Catalysts, 9unicorns",2000000.0,Seed
Treebo Hotels,2015,2021,False,Bengaluru,Hospitality,Treebo Hotels is India's most loved hotel chain in the premium-budget segment.,"Sidharth Gupta, Kadam Jeet Jain, Rahul Chaudhary",Accor,16000000.0,Series D
Supertails,2021,2021,False,Bengaluru,Pet care,Supertails is building a digital pet care platform which offers expert led healthcare services and products.,"Vineet Khanna, Varun Sadana, Aman Tekriwal","Saama Capital, DSG Consumer Partners",2600000.0,Pre-series A
SkilloVilla,2020,2021,False,Bengaluru,EdTech,Mission to support young graduates in enhancing their learnings and transform them into big earnings.,"Ronak Agrawal, Rajat Agrawal, Deepak Kharol",Titan Capital,300000.0,Seed
Cancer Clinics,2014,2021,False,Telugana,HealthCare,"Cancer Helpline is a source of information and support, helping with all the things that people affected by cancer want and need.","Sonali Srungaram, Sasi Sunkara",Axilor,1500000.0,Pre-series A
Velocity,2020,2021,False,Bengaluru,FinTech,Velocity provides revenue-based-financing to online businesses. It aims to build the future of banking and financial services for new age businesses in India.,"Abhiroop Medhekar, Atul Khichariya, Saurav Swaroop",Valar Ventures,1300000.0,Seed
Happy Jars,2016,2021,False,New Delhi,Food & Beverages,"Manufacture and retail a delicious range of all-natural nut butters, made without oil, sugar or preservatives.","Surabhi Talwar, Vikram Sekhar",Inflection Point Ventures,400000.0,Seed
ExtraaEdge,2015,2021,False,Pune,MarTech,Data Science powered - Admission & Marketing CRM Automation for Education Enrolments,"Abhishek Ballabh, Sushil Mundada","9Unicorns Accelerator Fund, Indian Angel Network",1000000.0,Pre-series A
Zotalabs,2019,2021,False,Pune,Tech Startup,Zotalabs gives the power of Emerging Technology to your digital automation with our easy to use APIs.,"Nausherwan Shah, Wasim Khan",Alfa Ventures,1250000.0,Seed
Voiro,2014,2021,False,Bengaluru,Advertisement,Voiro is the first all-in-one revenue management suite exclusively for ad-led digital publishers across media.,"Anand Gopal, Kavita Shenoy",1Crowd,1800000.0,Pre-series A
Rupifi,2019,2021,False,Bengaluru,FinTech,Rupifi operates a software-as-a-service (SaaS) firm focussed on financial products.,Anubhav Jain,Quona Capital,4100000.0,Pre-series A
Moneyboxx,1994,2021,False,Mumbai,FinTech,Moneyboxx Finance provides easy access to financing to the deserving micro enterprises.,Deepak Aggarwal,"Ashv Finance, BlackSoil Capital",3000000.0,Debt
CityMall,2019,2021,False,Gurugram,E-commerce,CityMall is a social e-commerce platform that sells lifestyle and curated products via peer-to-peer referrals on WhatsApp.,"Angad Kikla, Divij Goyal","WaterBridge Ventures, SAIF Partners",11000000.0,Series A
Janani,2020,2021,False,Bengaluru,Heathcare,Janani.ai is a fertility care provider.,Nilay Mehrotra,"Sweta Rau, 9Unicorns Accelerator Fund",1000000.0,Seed
ReshaMandi,2020,2021,False,Bengaluru,AgriTech,India's 1st award winning technology led digital ecosystem for Silk,Utkarsh Apoorva,"Omnivore, Strive Ventures",1700000.0,Seed
DotPe,2019,2021,False,Gurugram,FinTech,DotPe is a technology start-up providing a commerce and payments platform to offline enterprise businesses.,"Anurag Gupta, Gyanesh Sharma, Shailaz Nag","PayU, Google",27000000.0,Series A
BYJU'S,2011,2021,False,Bengaluru,EdTech,BYJU'S is an educational technology company that develops personalized learning programs for K-12 students.,"Byju Raveendran, Divya Gokulnath","BlackRock, Owl Ventures",460000000.0,Series F
HealthPlix,2014,2021,False,Bengaluru,HealthCare,HealthPlix is a healthtech startup,"Raghuraj Sunder Raju, Sandeep Gudibanda","JSW Ventures, Kalaari Capital",13500000.0,Series B
Masai School,2019,2021,False,Bengaluru,EdTech,Masai School is a job-oriented software training services.,Prateek Shukla,"Unitus Ventures, Omidyar Network India",5000000.0,Series A
Stelis Biopharma,2007,2021,False,Bengaluru,BioTechnology,Stelis Biopharma is a vertically integrated biopharmaceutical company.,Pudhucode Radhakrishnan Kannan,"RouteOne, Mankekar Family Office",195000000.0,Series B
NeoDove,2020,2021,False,Jaipur,AI startup,"Neodove is an AI-powered, end to end tech-enabled customer communication and reporting solution.",Aprit Khandelwal,India Quotient,15000000.0,Seed
KreditBee,2018,2021,False,Bengaluru,FinTech,KreditBee is a digital lending platform developed to assist young professionals with their personal finances.,"Karthikeyan Krishnaswamy, Madhusudan Ekambaram, Wan Hong","Alpine Capital, PremjiInvest",75000000.0,Seed
True Balance,2014,2021,False,Gurugram,FinTech,True Balance is a digital wallet that enables users to access utility bill payment and other financial products.,"Cheolwon Lee, Jay Yi, Martin Lee","Bon Angels Venture Partners, Daesung Private Equity",10000000.0,Debt
FloBiz,2019,2021,False,Bengaluru,Tech Startup,India’s first neobusiness platform,Rahul Raj,Elevation Capital,10000000.0,Series A
Jeevam Health,2020,2021,False,New Delhi,Health care,Jeevam Health is an Online Medical Clinic to Cure Root Cause of Chronic Issues in India.,"Kamran alam, Piyush vishwakarma",Y Combinator,1500000.0,Pre-seed
OZiva,2016,2021,False,Mumbai,Heathcare,OZiva is a plant-based Clean Nutrition Brand.,"Aarti, Mihir Gadani","F-Prime Capital, Eight Roads Ventures India",12000000.0,Series B
Blive,2004,2021,False,Panaji,Tourism,B: Live is an electric vehicle tourism startup.,"Samarth Kholkar, Sandeep Mukherjee","Mumbai Angels, DNA Entertainment Networks",1000000.0,Pre-series A
Euler Motors,2018,2021,False,New Delhi,Automotive,Electric Light Commercial Vehicle,Saurav Kumar,"ADB Ventures, Jetty Ventures",2600000.0,Series A
Pixxel,2019,2021,False,Bengaluru,SpaceTech,Pixxel is a Bengaluru-based space technology startup building a constellation of advanced earth imaging small satellites.,"Awais Ahmed, Kshitij Khandelwal","Techstars, Ryan Johnson",7300000.0,Seed
Prescinto,2016,2021,False,Gujarat,Solar,Prescinto is the brain of a solar plant delivering Actionable Intelligence to Increase Generation.,Puneet Jaggi,"Venture Catalysts, 9Unicorns Accelerator Fund",3500000.0,Seed
MyGlamm,2015,2021,False,Mumbai,Beauty products,MyGlamm is a direct-to-consumer brand of award winning European beauty products.,Darpan Sanghvi,Bessemer Venture Partners,20000000.0,Series C
Chirrup,2020,2021,False,Bengaluru,Gaming,Video integrated social-gaming platform,"Vipul Garg, Sourav Lashkari, Mehul Mittal","Titan Capital, iSeed, First Cheque, 3.0 Fund.",300000.0,Pre-seed
Juicy Chemistry,2014,2021,False,Coimbatore,HealthCare,Juicy Chemistry operates as an eponymous consumer brand.,"Megha, Pritesh Asher.",Akya Ventures,6300000.0,Series A
Indifi,2015,2021,False,Gurugram,FinTech,Indifi Technologies is a digital lending platform that offers loans to those that have potential and intent.,"Alok Mittal, Siddharth Mahanot, Sundeep Sahi","Elevar Equity, Accel India",5000000.0,Debt
Bimaplan,2020,2021,False,Mumbai,FinTech,Affordable insurance for the next billion Indians,Vikul Goyal,"Titan Capital, Y Combinator",500000.0,Seed
YAP,2014,2021,False,Chennai,FinTech,YAP is the API Platform for Banking and Payments products in Asia. More than 200 Fintechs across Asia rely on YAP,"Madhusudanan R, Prabhu R","Jitendra Gupta, Better Capital",10000000.0,Series B
Leap Finance,2019,2021,False,Bengaluru,FinTech,Leap Finance is a fintech startup for Indian students pursuing international higher education,Vaibhav Singh,Jungle Ventures,17000000.0,Series B
4baseCare,2018,2021,False,Bengaluru,HealthTech,4baseCare develops a unified and patient-centric ecosystem to fight cancer.,"Hitesh Goswami, Kshitij Rishi","Mount Judi Ventures, growX Ventures, Season Two Ventures",2000000.0,Pre-series A
Ezstays,2019,2021,False,New Delhi,EdTech,"Ezstays is a leading student-life network, providing hostels and PG accommodation with top-tier living facilities at the best prices.","Vaibhav Khanna, Abhishek Kumar, Kumar Gaurav",Richard Rekhy,400000.0,Seed
Stylework,2017,2021,False,Gurugram,Co-working,Stylework is an unconventional co-working space aggregator that is going to change the way people work.,Sparsh Khandelwal,Inflection Point Ventures,500000.0,Pre-series A
Riskcovry,2018,2021,False,Bengaluru,InsureTech,"Riskcovry is an ""Insurance-in-a-box” model offers a one-stop-shop platform to cater to any business's digital insurance needs.","Suvendu Prusty, Sorabh Bhandari, Vidya Sridharan, Chiranth Patil","Better Capital, Bharat Inclusion Seed Fund",5000000.0,Series A
Quizizz,2015,2021,False,Bengaluru,EdTech,Quizizz is a Education based startup,"Ankit Gupta, Deepak Joy Cheenath","Eight Roads Ventures India, Nexus Venture Partners",12500000.0,Series A
Turtlemint,2015,2021,False,Mumbai,InsureTech,Turtlemint is an online insurance platform that identifies and purchases appropriate insurance policies for consumers.,"Anand Prabhudesai, Dhirendra Mahyavanshi, Kunal Shah",Jungle Ventures,45000000.0,Series D
Captain Fresh,2019,2021,False,Bengaluru,Supply chain platform,Captain Fresh is a freshwater fish and seafood supply chain platform.,Utham Gowda,"Matrix Partners India, Ankur Capital",3000000.0,Seed
Northern Arc,2008,2021,False,Chennai,FinTech,Northern Arc Capital (Formerly known as IFMR Capital) is a Non-Banking Finance Company.,Kshama Fernandes,"U.S. International Development Finance Corp, Asian Development Bank",10000000.0,Debt
Qoohoo,2020,2021,False,Bengaluru,Social platform,A platform for creators to build immersive connections with their fans and followers and monetize them.,"Vimal Singh Rathore, Aseem Gupta",Angel investors,800000.0,Seed
The ePlane,2016,2021,False,Chennai,Drone,"Transforming the mobility landscape using aerial transport. Currently, we build drones for industrial applications","Pranjal Mehta, Satyanarayanan Chakravarthy","Speciale Invest, Farid Ahsan",1000000.0,Seed
Questt,2020,2021,False,Gurugram,EdTech,Questt is a homework app that allows teachers to allocate objective and subjective homework based on selected content.,"Akhil Singh, Mohsin, Rohit Pande","Chiratae Ventures, AET Fund",1000000.0,Seed
DealShare,2018,2021,False,Jaipur,E-commerce,DealShare is a Social Commerce Startup,"Sankar Bora, Sourjyendu Medda, Vineet Rao","Omidyar Network, Falcon Edge Capital",3000000.0,Debt
Euler Motors,2018,2021,False,New Delhi,Automotive,Electric Light Commercial Vehicle,Saurav Kumar,"Jetty Ventures, Srinivas Anumolu",4000000.0,Series A
KoineArth,2018,2021,False,Bengaluru,Blockchain startup,"Koinearth is a stealth mode startup working at the intersection of blockchains, machine learning and mechanism design",Praphul Chandra,YourNest,1800000.0,Pre-series A
Northern Arc,2008,2021,False,Chennai,FinTech,Northern Arc Capital (Formerly known as IFMR Capital) is a Non-Banking Finance Company.,Kshama Fernandes,"Asian Development Bank, U.S. International Development Finance Corp",50000000.0,Debt
Virohan,2018,2021,False,Gurugram,EdTech,Virohan is an EdTech company that offers healthcare vocational training to students to build a career in the healthcare industry.,"Archit Jayasal, Kunaal Dudeja, Nalin Saluja, Paarul Dudeja","Rebright Partners, Wadhwani Foundation",3000000.0,Series A
BankSathi,2019,2021,False,New Delhi,FinTech,"Bank Sathi provides loans, insurance, cards comparison, and approval facility.",Jitendra Dhaka,"Dinesh Godara, Aditya Talwar",200000.0,Seed
BlissClub,2020,2021,False,Bengaluru,Fashion,"BlissClub is a community first women’s activewear brand. It is a Direct-to-Consumer brand in the active lifestyle space, founded in 2020 by ISB Alum Minu Margeret",Minu Margeret,Elevation Capital,2000000.0,Seed
BricSpaces,2018,2021,False,Bengaluru,Real estate,"A prop-tech company that finds and customizes offices, living, or retail spaces based on your requirements.",Madhusudhan,Angel investors,350000.0,Pre-seed
ANSR,2008,2021,False,Bengaluru,Consulting,"ANSR Consulting is providing end-to-end services for companies, setting up captive service centers.",Lalit Ahuja,"Sistema Asia Capital, Evolvence India Fund",15000000.0,Series B
Reccy Adventures,2019,2021,False,Gurugram,Sports startup,Reccy Adventures is an adventure sports startup.,"Amit Chowdhury, Siddhartha Chatterjee, Tapas Pal","Kallol Banerjee, Jaydeep Barman",400000.0,Seed
Magenta EV,2017,2021,False,Mumbai,Renewable Energy,Magenta is in the business of Enabling electric mobility & Making electricity clean,"Maxson Lewis, Darryl Dias","JITO Angel Network, LetsVenture",15000000.0,Series A
Karbon Card,2019,2021,False,Bengaluru,FinTech,Karbon Card is a financial platform for Indian entrepreneurs.,"Amit Jangir, Bo Li, Jianwei Chen, Kartik Jain, Pei-fu Hsieh, Sunil Kumar","MyAsia VC, Orios Venture Partners",1000000.0,Pre-series A
Wysa,2015,2021,False,Bengaluru,AI company,Wysa is an AI conversational agent that has been shown to help improve mental health,"Jo Aggarwal, Ramakant Vempati","W Health Ventures, Pi Ventures",5000000.0,Series A
Agnikul,2017,2021,False,Chennai,SpaceTech,"Agnikul is a space tech startup that designs, manufactures, tests, and launch orbital class rockets for micro and nano satellites.","Moin SPM, Satyanarayanan Chakravarthy, Srinath Ravichandran","Artha India Ventures, Sriram Krishnan",11000000.0,Series A
Glamplus,2020,2021,False,Bengaluru,SaaS startup,India's #1 SaaS based Salon experience Software,Divyanshu Singh,Inflection Point Ventures,200000.0,Pre-series A
Tekie,2017,2021,False,Gurugram,EdTech,"Tekie is a live coding platform for kids that uses the power of storytelling, to make learning to code a movie-like experience.","Anand Verma, Naman Mukund","GSV, Multiply Ventures",1500000.0,Seed
Betterhalf.ai,2016,2021,False,Bengaluru,Matrimony,India’s first and only matrimony app without parents. 10L verified profiles 20L matches 50K relationships 3K marriages,"Rahul Namdev, Pawan Gupta","Y Combinator, Rehan A Khan",3000000.0,Pre-series A
Koo,2020,2021,False,Bengaluru,Social Media,Koo App operates as a microblogging app.,"Aprameya Radhakrishna, Mayank Bidawatka","Balaji Srinivasan, Naval Ravikant",30000000.0,Series B
Mentoria,2015,2021,False,Mumbai,EdTech,Mentoria is a holistic career discovery platform that enables students to discover themselves and the careers they will enjoy and excel at.,"Ashish Arora, Nikhar Arora, Sameer Bhakhri","Pradeep K Jaisingh, Jayant Mehrotra",200000.0,Pre-series A
Cuvette Tech,2020,2021,False,Bengaluru,Human Resources,Help startups to find interns who are verified on their software development skills and problem-solving abilities.,"Atul Singhal, Sudhanshu Singh","Varun Alagh, Harish Daiya",1800000.0,Seed
FarMart,2015,2021,False,Gurugram,AgriTech,FarMart is a micro-SaaS platform that helps food businesses source high quality produce at affordable prices,"Alekh Sanghera, Mehtab Singh Hans","Omidyar Network India, Avaana Capital",24000000.0,Pre-series A
Kodo Card,2019,2021,False,Mumbai,FinTech,Kodo card is a corporate card for new economy businesses in India.,"Deepti Sanghi, Gaurav Thapa","Brex, Y-Combinator",8000000.0,Seed
Cellestial,2019,2021,False,Hyderabad,Electronics,Cellestial E-mobility is a city-based startup working in developing electric tractors with the longest battery life.,Siddhartha Durairajan,"Gurj Aujla, Ashik K",500000.0,Pre-series A
Jai Kisan,2017,2021,False,Mumbai,FinTech,Jai Kisan is a fintech platform that provides sustainable financing for rural emerging markets,"Adriel Maniego, Arjun Ahluwalia","The Chatterjee Group, Prophetic Ventures",30000000.0,Series A
Plum,2019,2021,False,Bengaluru,HealthCare,High quality health insurance and health benefits,"Abhishek Poddar, Saurabh Arora","Harsh Jain, Lalit Keshre",15000000.0,Series A
Klassroom,2016,2021,False,Mumbai,EdTech,Klassroom offers a one-of-a-kind LIVE interactive learning experience to students.,Alka Javeri,ah! Ventures,200000.0,Pre-series A
Convin,2019,2021,False,Bengaluru,SaaS startup,Convin is a conversation intelligence platform that helps remote sales teams to understand conversations on a deeper levels.,"Ashish Santhalia, Atul Shree, Bharat Patidar, Durgesh Choudhary","9Unicorns Accelerator Fund, Sunder Nookala",300000.0,Pre-seed
Mensa Brands,2021,2021,False,Bengaluru,Clothing,"Mensa scales brands leveraging its expertise in ecommerce, technology, marketing, category management & demand planning.",Ananth Narayanan,"Accel Partners, Falcon Edge Capital, Norwest Venture Partners",50000000.0,Series A
BharatPe,2018,2021,False,New Delhi,FinTech,"BharatPe is the definitive platform for financial services. We process payments via UPI and POS, and provide credit / loans to our merchants","Ashneer Grover, Bhavik Koladiya, Shashvat Nakrani","Amplo, Insight Partners",6000000.0,Debt
RuleZero,2019,2021,False,Bengaluru,Tech Startup,Rulezero is a technology platform created by experienced startup executives to automate and manage the equity ownership of a startup.,"Satish Mugulavalli, Srinivas Katta","Induslaw, Reddy Futures",1000000.0,Seed
Locobuzz,2011,2021,False,Mumbai,Analytics,LocoBuzz is an analytics-based integrated marketing platform.,Vishal Agrawal,Yuj Ventures,4000000.0,Series A
We Founder Circle,2020,2021,False,Mumbai,FinTech,"A global platform of founders for founders offering investment, network and business opportunities.",Neeraj Tyagi,Geekster,2000000.0,Pre-seed
Haqdarshak,2015,2021,False,Jaipur,Finance,Haqdarshak is a tech platform that connects citizens with their eligible welfare schemes.,"Aniket Doegar, Asha Krishnan, PR Ganapathy","Manish Subramaniam, Upaya Social Ventures",800000.0,Pre-series A
Myelin Foundry,2019,2021,False,Bengaluru,AI startup,"Myelin Foundry is a deep tech product start-up transforming human experiences and industry outcomes by building Artificial Intelligence algorithms on video, voice, and sensor data, for consumer edge devices","Gopichand Katragadda, Ganesh Suryanarayanan, Aditi Olemann",Beyond Next Ventures,1000000.0,Pre-series A
SuperOps.ai,2020,2021,False,Chennai,AI startup,SuperOps.ai is an early stage startup in the MSP space.,"Arvind Parthiban, Jayakumar Karumbasalam","Ramakant Sharma, Elevation Capital",3000000.0,Seed
Teachmint,2020,2021,False,Bengaluru,EdTech,Teachmint is an online learning platform that focuses on tutor-student connectivity.,"Anshuman Kumar, Divyansh Bordia, Mihir Gupta, Payoj Jain","Lightspeed India Partners, CM Ventures",16500000.0,Series A
Rapido,2015,2021,False,Bengaluru,Transportation,Rapido is a bike taxi service that encourages people to offer bike rides to other people.,"Aravind Sanka, Pavan Guntupalli, Rishikesh SR","Skycatcher, Nexus Venture Partners",43000000.0,Series C
ElasticRun,2015,2021,False,Pune,E-commerce,ElasticRun develops an online system that improves the reception of orders from customers and the dispatch of delivery drivers.,"Sandeep Deshmukh, Saurabh Nigam, Shitiz Bansal","Avataar Venture Partners, Kalaari Capital",75000000.0,Series D
Avail Finance,2017,2021,False,Bengaluru,FinTech,Avail is a mobile-first platform aiming to financially include the urban mass of India.,"Ankush Aggarwal, Tushar Mehndiratta","Alteria Capital, Matrix Partners India",3000000.0,Debt
Nivesh,2016,2021,False,Noida,FinTech,Nivesh.com is a mass market mutual funds investment platform.,"Anurag Garg, Sridhar Srinivasan","Raghav Kapur, Indian Angel Network",1600000.0,Pre-series A
Arthya Wealth and Investments,2020,2021,False,Mumbai,FinTech,"A comprehensive, high quality, open-architecture based Wealth Management and Investment Advisory platform, to cater to investors across the board: Individuals, Businesses/Corporate Treasuries, Family Offices, Trusts and more.",Gaurav Arora,"Rishi Kumar Bagla, Krishen Lal Khanna",1000000.0,Pre-series A
Fi,2019,2021,False,Bengaluru,Financial Services,Fi is a neo bank.,Sumit Gwalani,"Capital Group, Falcon Edge",50000000.0,Series B
Kiko Live,2020,2021,False,Gurugram,Commerce,Video-based social commerce startup,"Alok Chawla, Shivam","Dinesh Agarwal, Amarjit Batra",1000000.0,Pre-series A
The Hosteller,2015,2021,False,Mumbai,Hospitality,"Pit-stop for global as well as local travellers to relax, rejuvenate and experience India’s rich heritage while not worrying about a clean, safe and smart place to stay.",Pranav Dangi,"SUNiCON Ventures, Shubhkam Ventures, Jito Angel network, FAAD Network",1000000.0,Pre-series A
Ruptok Fintech,2020,2021,False,New Delhi,Financial Services,"Ruptok fintech Pvt. Ltd. is an online gold loan service provider , with attractive interests rate .",Ankur Gupta,Manuvel Malabar Jewellers,2000000.0,Pre-series A
Dogsee Chew,2015,2021,False,Bengaluru,Food & Beverages,100% Natural Dog Treats.,"Bhupendra Khanal, Sneh Sharma",Sixth Sense Ventures,7000000.0,Pre-series A
Advantage Club,2014,2021,False,Gurugram,HR Tech,Advantage Club is India's largest employee engagement platform.,Sourabh Deorah,"Y Combinator, Jetty Ventures, Earlsfield Capital, SMC Advisors, Kunal Shah",3300000.0,Pre-series A
Cora Health,2020,2021,False,Bengaluru,"Health, Wellness & Fitness",Social commerce marketplace for everyday health and wellness.,"Snigdha Kumar, Shrijit Venkatesh",Indian Angel Network,600000.0,Seed
Battery Smart,2019,2021,False,New Delhi,Renewables & Environment,Battery Smart is building India’s largest network of battery swapping stations providing Li-ion batteries,"Pulkit Khurana, Siddharth Sikka","Blume Ventures, Orios Ventures",7000000.0,Pre-series A
The Good Glamm Group,2021,2021,False,Pune,Information Technology & Services,South Asia’s largest Content-to-Commerce scale-up investing $100 million in fast-growing beauty & personal care brands.,"Darpan Sanghvi, Priyanka Gill, Naiyya saggi","Warburg Pincus﻿, Prosus Ventures",150000000.0,Series D
Mosaic Wellness,2019,2021,False,Mumbai,"Health, Wellness & Fitness",A platform of digital first health clinics for men and women,Dhyanesh Shah,Sequoia,24000000.0,Series A
CloudFiles,2020,2021,False,Bengaluru,SaaS startup,"Supercharge files with enterprise-grade security, page-by-page analytics and powerful content automations.","Vishesh Singhal, Ankit Gupta, Siddharth Garg",Titan Capital,300000.0,Pre-seed
Xpand,2021,2021,False,New Delhi,Retail,LMCE handholds brands and enables their reach across the UNSERVED & UNDER-SERVED pockets of the country in a SUSTAINABLE manner to drive MEASURABLE growth.,Sanjay Kaul,"Akash Prakash, Madhu Jayakumar, Dipinder Sandhu, Shagun Khandelwal",1500000.0,Pre-series A
Troo Good,2018,2021,False,Hyderabad,E-commerce,An FMCG company selling nutritious products at an affordable price points.,Raju Bhupati,OAKS Asset Management,7000000.0,Series A
Prodo,2021,2021,False,New Delhi,Business Supplies & Equipment,"Prodo is an e-commerce platform that provides manufacturing of made-to-order, readymade and white labeled consumables for medium and large enterprises.","Sameen Husain, Abhiroop Srivastava","Titan Capital, LetsVenture",300000.0,Pre-seed
Unnati,2019,2021,False,Noida,FinTech,Fintech powered digital agri ecosystem,"Amit Sinha, Ashok Prasad","Incofin, NabVentures, Orios",7000000.0,Series A
Lysto,2021,2021,False,Bengaluru,NFT,"Lysto is building APIs, Tools & Infrastructure to enable the creation & distribution of NFTs across platforms with a few clicks or few lines of code.",Sadiq Ahamed,BEENEXT,3000000.0,Seed
Wakefit,2014,2021,False,Bengaluru,Furniture,"A home solutions and sleep company, currently collaborating with the world's biggest sleep influencer.","Ankit Garg, Chaitanya Ramalingegowda",SIG,20000000.0,Series C
Buyofuel,2020,2021,False,Coimbatore,Oil & Energy,Green Fuels Marketplace,"Kishan Karunakaran, Venkateswaran Selvan, Sumanth Kumar",Inflection Point Ventures,100000.0,Seed
ElectricPe,2021,2021,False,Bengaluru,EV,India's largest Electric Vehicle Charging Platform,"Avinash Sharma, Raghav Rohila","Blume Ventures, Micelio Fund",3000000.0,Seed
Vayana Network,2017,2021,False,Pune,Financial Services,"Vayana Network is an electronic network that connects Corporates and their Supply Chain to Financial Institutions for easy, quick and low-cost access to Trade Financing of their Payables and Receivables.",Ramaswamy Iyer,"CDC Group, Jungle Ventures, March Capital, Marshall Wace",30000000.0,Series C
Valuationary,2020,2021,False,Surat,E-learning,EdTech platform upskilling candidates to bag deserving finance job roles.,"Pratik Bajaj, Kunal Shah, Mahip Gupta","Ashish Jain, Ajay Surana",100000.0,Pre-seed
EyeMyEye,2021,2021,False,Gurugram,Eyewear,"Shop the latest Eyeglasses, Sunglasses, Power Sunglasses, Contact Lens and more.",Ganesh Iyer,2000000,2000000.0,Pre-series A
DGV,2019,2021,False,Bengaluru,Information Technology & Services,NeoBanking for Bharat,Ragavan Venkatesan,"Info Edge Ventures, Omnivore",3000000.0,Pre-series A
GuardianLink,2017,2021,False,Chennai,Information Technology & Services,Building tech infrastructure to help NFT commerce go mainstream,"Ramkumar Subramaniam, Kamesh Elangovan",Kalaari Capital,12000000.0,Series A
Clinikk,2016,2021,False,Bengaluru,Hospital & Health Care,Transforming health insurance by building India's first managed care model,"Dr.Suraj Baliga, Bhavjot Kaur",MassMutual Ventures,4000000.0,Pre-series A
Mensa,2021,2021,False,Bengaluru,D2C,"Mensa scales brands leveraging its expertise in ecommerce, technology, marketing, category management & demand planning.",Ananth Narayanan,"Alpha Wave Ventures, Falcon Edge Capital",135000000.0,Series B
GENLEAP,2021,2021,False,Haryana,Professional Training & Coaching,GenLeap is India’s first self-discovery and career lifecycle management platform.,"Sachin Sandhir, Nimish Gupta, Nitin Thakur, Shweta Kataria","Vivek Vaidya, Kevin Donlon, Ayush Singh",8000000.0,Seed
Planys,2015,2021,False,Chennai,Maritime,Planys is an Indian deep tech start-up creating a paradigm shift in the underwater inspection industry.,"Tanuj Jhunjhunwala, Vineet Upadhyay, Rakesh Sirikonda","Kieretsu Forum, Lets Venture, Shell",1600000.0,Pre-series A
GoKwik,2020,2021,False,New Delhi,Information Technology & Services,GoKwik is a platform for solving shopping experience problems on e-commerce websites on the internet.,"Chirag, Vivek Bajpai, Ankush Talwar",Sequoia Capital India,15000000.0,Series A
Velocity,2020,2021,False,Bengaluru,Financial Services,"Velocity provides revenue based financing, up to Rs 3 crores, for marketing and inventory spends of online businesses.","Saurav Swaroop, Abhiroop Medhekar, Atul Khichariya",Valar Ventures,20000000.0,Series A
SalaryBox,2020,2021,False,Gurugram,Financial Services,SalaryBox is solution that makes employee management effortless.,"Nikhil Goel, Peeyush Goyal","Y-Combinator, AME Cloud Ventures, Gokul Rajaram",4000000.0,Seed
Boingg,2019,2021,False,Gurugram,Furniture,D2C furniture brand,"Neha Indoria, Dhruvan Barar",Inflection Point Ventures,200000.0,Seed
Disprz,2015,2021,False,Mumbai,E-learning,An AI-powered right skilling suite that helps enterprises unlock business potential.,"Subramanian Viswanathan, Kuljit Chadha","Dallas Venture Capital, Mars Growth Capital",13000000.0,Series B
Inzpira,2021,2021,False,Trivandrum,E-learning,"Inzpira is India's only Live online 1:1 platform for Language Learning & Test Preparation that lets users instantly connect with expert trainers and learn anytime, from anywhere.","Rohith Namboothiri, Sruthy Ramesh","Raj Nair, Gopinath Latpate",300000.0,Seed
Mindhouse,2019,2021,False,Gurugram,"Health, Wellness & Fitness",Mindhouse is a Yoga & Nutrition driven personalized healthcare platform.,"Pooja Khanna, Pankaj Chaddah","Binny Bansal, General Catalyst",6000000.0,Seed
Toppersnotes,2015,2021,False,Jaipur,Education Management,"Toppersnotes is an edtech company, primarily operating in the test preparation industry.","Ayush Agarwal, Devendra Dhaka, Arpit Bansal",Inflection Point Ventures,1000000.0,Seed
NoBroker.com,2014,2021,False,Bengaluru,Real Estate,NoBroker is a disruptive force in the Real Estate Industry.,"Akhil Gupta, Amit, Saurabh","General Atlantic, Tiger Global, Moore Strategic Ventures",2100000.0,Series E
Haber,2017,2021,False,Pune,Industrial Automation,"Real-time, automated insights to increase plant efficiency","Vipin Raghavan, Priya Venkat, Arjunan PN",Ascent Capital,20000000.0,Series B
Koparo,2020,2021,False,New Delhi,Consumer Goods,Koparo is a direct-to-consumer brand that is addressing the needs of modern Indian families and their homes.,Simran Khara,"Saama Capital﻿, ﻿Titan Capital﻿, DSG Consumer Partners",700000.0,Seed
Settl,2020,2021,False,Bengaluru,Real Estate,Settl. is a technology-driven accommodation platform focused on providing a convenient and high-quality living experience for young millennials.,"Abhishek Tripathi, Bharath Bhaskar, Ashok Reddy","ah! Ventures, We Founder Circle",500000.0,Seed
Park+,2019,2021,False,New Delhi,Tech startup,Building an eco-system for car owners which will be a one-stop solution for all their needs.,Amit Lakhotia,"Sequoia Capital, Matrix Partners",25000000.0,Series B
Spinny,2015,2021,False,Gurugram,Automotive,Spinny is a new age used car end-to-end platform in India.,"Niraj Singh, Mohit Gupta, Ramanshu Mahaur","Abu Dhabi Growth Fund, Tiger Global",248000000.0,Series E
Slice,2015,2021,False,Bengaluru,Financial Services,"Slice is India's best credit card challenger to pay bills, manage expenses, and unlock rewards","Rajan Bajaj, Siva Kumar Tangudu","Tiger Global, Insight Partners",220000000.0,Series B
21K School,2020,2021,False,Bengaluru,E-learning,"21K School is India's First Online School that provides a complete online school experience and personalized learning – anytime, anywhere.","Santosh Kumar, Yeshwanth Raj Parasmal, Dinesh Kumar, Joshi Kumar",Ronnie Screwvala,5000000.0,Pre-series A
Adda247,2016,2021,False,Gurugram,E-learning,"The multilingual edtech platform provides 360 degree learning solutions catering to all major educational needs of Tier II, tier III including online courses for competitive exams","Anil Nagar, Saurabh Bansal",WestBridge Capital,20000000.0,Series B
Rupifi,2020,2021,False,Bengaluru,Financial Services,Embedded Lending for Small Businesses,"Jawaid Iqbal, Dhruv Bhushan",Alteria Capital,1000000.0,Debt
RENEE Cosmetics,2019,2021,False,Ahmedabad,Cosmetics,"RENÉE Cosmetics is an Indian makeup brand empowering bold & beautiful women with innovative, cruelty-free products.","Priyank Shah, Ashutosh Valani, Aashka Goradia Goble","Equanimity Ventures, 9Unicorns",1500000.0,Pre-series A
Svish,2020,2021,False,Gurugram,Consumer Goods,D2C personal hygiene startup,"Ishan, Jaideep Mahajan",Nueva,400000.0,Seed
Progcap,2016,2021,False,New Delhi,FinTech,"Progcap (Desiderata Impact Ventures Private Limited) is a mission-driven, inclusive financing technology firm","Pallavi Shrivastava, Himanshu Chandra",Tiger Global,30000000.0,Series C
D’Moksha Homes,2020,2021,False,Mumbai,Textiles,"Artisans handcraft exquisite and environment-friendly home linens using only the most sustainable fabrics like linen, hemp, and lyocell.","Nimisha, Manav Dhanda","Apoorva Sharma, The Chennai Angels, Karthik Bhat",570000.0,Seed
ANS Commerce,2017,2021,False,Gurugram,E-commerce,ANS Commerce is India’s #1 full-stack e-commerce enabler helping brands sell online.,"Amit Monga, Nakul Singh, Vibhor Sahare, Sushant Puri","Gokul Rajaram, Venture Catalysts",2200000.0,Pre-series A
GramCover,2016,2021,False,Noida,Insurance,GramCover is a tech-enabled insurance marketplace for rural India.,Dhyanesh Bhatt,"Siana Capital, Inflexor Ventures, Stride Ventures",7000000.0,Series A
Chalo,2014,2021,False,Mumbai,Mobility,India’s #1 bus transport technology company.,"Vinayak Bhavnani, Mohit Dubey","Lightrock India, Filter Capital",40000000.0,Series C
Sunstone Eduversity,2011,2021,False,Gurugram,EdTech,Sunstone Eduversity is a one-of-its-kind business school operating in an asset-light model since 2011.,"Ashish Munjal, Piyush Nangru",WestBridge Capital,28000000.0,Series B
Ozonetel,2007,2021,False,Hyderabad,Telecommunications,Ozonetel is leading Cloud Telephony solution provider.,"CSN Murthy, Atul Sharma",Stakeboat Capital,5000000.0,Series A
CoinSwitch Kuber,2017,2021,False,Bengaluru,Crypto,"CoinSwitch Kuber is the largest crypto trading platform in India with a user base of 10M+, in just 15 months and growing every second.","Ashish Singhal, Govind Soni, Vimal Sagar Tiwari","Coinbase Ventures, Andreessen Horowitz",260000000.0,Series C
Pazcare,2020,2021,False,Bengaluru,Insurance,Paz Care is India's leading Employee Benefits & Health insurance platform,"Sanchit Malik, Manish Mishra","BEENEXT, 3one4 Capital",3500000.0,Seed
kWh Bikes,2020,2021,False,Bengaluru,Automotive,Building India’s strongest and smartest electric 2 wheelers,"Siddharth Janghu, Kartik Gupta, Anupriya","Let’s Venture, Better Capital",2000000.0,Seed
Twin Health,2018,2021,False,Chennai,"Health, Wellness & Fitness",Twin Health invented the Whole Body Digital Twin™ to help reverse and prevent chronic metabolic diseases.,Jahangir Mohammed,"Sequoia Capital India, ICONIQ Capital, Perceptive Advisors",140000000.0,Series C
Trica,2021,2021,False,Mumbai,Equity Management,Powering private markets - A technology platform for startups and investors.,Nimesh Kampani,LetsVenture,3000000.0,Seed
Rebel Foods,2011,2021,False,Mumbai,Cloud kitchen,"World’s largest internet restaurant company. Building Unique, Memorable, Delightful & Sure delivery-only restaurants.","Jaydeep Barman, Kallol Banerjee.",Qatar Investment Authority,175000000.0,Series F
ProfitWheel,2020,2021,False,Mumbai,Marketing & Advertising,ProfitWheel's belief is that only a fraction of customers drive the most profitability for a brand - and we want to help increase their high value customer base.,"Vivek Bhargava, Gautam Mehra, Aman Khanna","Netcore Cloud, Vallabh Bhansali, Jimmy Mahtani",3000000.0,Seed
Ishitva,2018,2021,False,Ahmedabad,Computer Software,"Sort to create value’ using #AI, #Robotics and #AirSorter to achieve a #circulareconomy with environmental benefits.",Jitesh Dadlani,Inflection Point Ventures,1000000.0,Pre-series A
leap.club,2014,2021,False,Gurugram,Community,A community-led professional network for women,"Ragini Das, Anand Sinha","Enzia Ventures, Kunal Shah",810000.0,Pre-series A
F5,2018,2021,False,New Delhi,Retail,One-Stop Solution for Daily Workplace Needs,"Raghav Arora, Lalit Aggarwal",Auxano Capital,600000.0,Pre-series A
ForeignAdmits,2018,2021,False,Bengaluru,Higher Education,“foreignadmits” aims at addressing one of the biggest problems of personalized mentoring for students aiming to pursue higher education and eventually become an expert in their desired discipline of study.,"Nikhil Jain, Ashwini Jain",Unicorn India Ventures,400000.0,Seed
SALT,2019,2021,False,Bengaluru,Financial Services,Salt is a neo-banking experience created to cater to international businesses.,"Ankit Parasher, Udita Pal","Prashant Pansare, Supermorpheus",500000.0,Pre-seed
Crater.Club,2020,2021,False,Bengaluru,Media,"Crater is where you join 5000+ mentors, creators & experts while they stream their knowledge and skills live.","Vignesh Prasad, Vivan Puri",LC Nueva AIF,700000.0,Seed
NFTically,2021,2021,False,Gurugram,NFT,"NFTically is a global B2B SaaS that enables celebrities, influencers, gamers, clubs & enterprises to launch their own white-label NFT store or NFT Marketplace without any technical knowledge.",Toshendra Sharma,"Nitish Mittersain, Gaurav Munjal",1000000.0,Seed
ReshaMandi,2020,2021,False,Bengaluru,B2B,"ReshaMandi provides a full-stack digital ecosystem in the form of a super app, from FARM to RETAIL.",Utkarsh Apoorva,"9Unicorns, Venture Catalysts, Sandeep Singhal",30000000.0,Series A
Hubilo,2020,2021,False,Ahmedabad,Software Startup,Hubilo is the leading hybrid event platform built for engagement and event excellence.,"Mayank Agarwal, Vaibhav Jain",Alkeon Capital,125000000.0,Series B
M2P Fintech,2015,2021,False,Chennai,Financial Services,"M2P fintech was born out of the need to build highly scalable, secure yet nimble technology stack at the intersection of Mobility, Commerce and payments.",Madhusudanan R,Tiger Global,35000000.0,Series C
Open Financial Technologies,2017,2021,False,Bengaluru,Financial Services,Open is Asia’s first neobanking platform for SMEs and startups.,Anish Achuthan,"Temasek, Google, SBI Investment",90000000.0,Series C
Niro,2021,2021,False,Bengaluru,Financial Services,Embedding personal credit products into leading consumer internet platforms.,"Aditya Kumar, Sankalp Mathur",Elevar Equity,3500000.0,Seed
AnKa SumMor,2017,2021,False,Bengaluru,Sales and Distribution,"AnKa SumMor is the service that allows businesses to focus on building their brands, while they provide Supply & Distribution expertise.","Rajiv Joshi, Ashok George",Inflection Point Ventures,1000000.0,Pre-series A
Playto Labs,2021,2021,False,Bengaluru,E-learning,Playto Labs provides robotics toys and online classes for kids to help them develop the key 21st century skills. Book a free trial for your child today at www.playtolabs.com,Pavan Ponnaganti,Inflection Point Ventures,500000.0,Seed
Fraazo,2020,2021,False,Mumbai,Food & Beverages,FRAAZO is Mumbai's favourite App for Fresh Vegetables and Fruits coming straight from the Farm to your Doorstep within 18 Hours.,"Atul Kumar, Aashish Krishnatre",WestBridge Capital,50000000.0,Series B
FloCareer,2018,2021,False,Bengaluru,Information Services,"The Best Skills Validation Platform that provides ""Interview As-A-Service""?.","Mohit Jain, Mehul Bhatt",Data Point Capital,5700000.0,Series A
Nap Chief,2019,2021,False,Mumbai,Apparel & Fashion,India's favourite Kid's wear and Family Sleepwear D2C Brand,Raghav Gupta,Titan Capital,200000.0,Seed
AcknoLedger,2021,2021,False,Mumbai,Crypto,AcknoLedger is a Global platform that distributes Web 3.0 Digital Assets Seamlessly across all the Metaverses and Gaming,Yash Dahenkar,"Momentum 6, Basics Capital, Krypital Capital, Shima Capital, Magnus Capital",1500000.0,Seed
Aviom India,2016,2021,False,Bhilwara,Financial Services,AVIOM India Housing Finance Pvt. Ltd. is a venture started by experienced professionals with a vision to improve the standard of living of families from the informal sector in rural areas,Kajal Ilmi,Sabre Partners,8000000.0,Series C
SaaS Labs,2016,2021,False,Noida,SaaS,"Building high impact communication, workflow and productivity tools for sales and support teams throughout the globe.",Gaurav Sharma,"Base 10 Partners, Eight Roads Ventures",17000000.0,Series A
Devnagri,2017,2021,False,Noida,Translation & Localization,"Devnagri is an AI powered human translation platform, working in all 22 Indian languages.","Nakul Kundra, Himanshu Sharma","enture Catalyst, IPV",600000.0,Seed
CRED,2018,2021,False,Bengaluru,Finance,CRED is a credit card payment platform that rewards users with points for paying their bills.,Kunal Shah,"Tiger Global, Falcon Edge",250000000.0,Series E
ConveGenius,2013,2021,False,Noida,Education Management,An EdTech social enterprise focused on closing the gap in educational achievement for children and youth in India.,"Jairaj Bhattacharya, Shashank Pandey","BAce Capital, Heritas Capital, 3Lines Venture Capital",5000000.0,Pre-seed
CredAble,2017,2021,False,Mumbai,Financial Services,CredAble provides liquidity programs for enterprise supply chains.,Nirav Choksi,"Plutus Wealth, Oaks Asset Management",30000000.0,Series B
MarketWolf,2017,2021,False,Mumbai,Financial Services,"MarketWolf provides everyone an opportunity to begin their trading journey with a unique digital platform that is bold, simple and fun.","Vishesh Dhingra, Thomas Joseph","Anil Thadani, Ashutosh Sinha, Roy van Leeuwen",5500000.0,Seed
Wondrlab,2020,2021,False,Mumbai,Marketing & Advertising,India's largest platform-first martech startup,Saurabh Varma,"Pi Ventures LLP, Tanas Capital, Prodapt Holdings",7000000.0,Pre-series A
Tamasha,2020,2021,False,Mumbai,Entertainment,"Tamasha, the next-generation interactive entertainment platform.","Saurabh Gupta, Siddharth Swarnkar",Chiratae Ventures,3000000.0,Pre-series A
Revfin,2017,2021,False,New Delhi,Financial Services,"RevFin is a financial technology (FinTech) company, advanced digital lending platform makes getting a loan convenient and accessible for customers",Sameer Aggarwal,"Ruchirans Jaipuria, Rishi Kajaria",4000000.0,Pre-series A
Yu Foodlabs,2020,2021,False,Gurugram,Food & Beverages,Re-imagining Packaged Foods with Natural Ingredients & ZERO Preservatives,"Bharat Bhalla, Varun Kapur","Manish Choksi, Varun Vakil",1000000.0,Pre-series A
FarMart,2015,2021,False,Gurugram,Farming,FarMart is an agritech platform that helps businesses easily source high quality produce at reasonable prices.,"Alekh Sanghera, Mehtab Singh Hans",Matrix Partners India,10000000.0,Series A
Questt,2020,2021,False,Gurugram,EdTech,Questt is a Free online homework app that lets teachers assign gamified homework to students.,"Akhil, Mohsin M, Rohit Pande",Celesta Capital,6750000.0,Series A
IDfy,2011,2021,False,Mumbai,Information Technology & Services,IDfy helps people and business build authentic relationships by ensuring that both parties are who they claim to be and can be trusted.,Ashok Hariharan,"TransUnion, Blume Ventures",10000000.0,Series D
ClearDekho,2016,2021,False,Ghaziabad,Retail,ClearDekho is India’s Leading Affordable Eyewear Brand.,"Saurabh Dayal, Shivi Singh",Aroa Ventures,4000000.0,Pre-series A
BookingJini,2017,2021,False,Gurugram,Hospitality,BookingJini strive to empower Hotels from all aspects ranging from customer outreach to automate their booking process and improve their online presence and revenue to stimulate Top-line and Bottom-line growth.,"Deepak Dash, Gourab Kumar Nandy, Manoj Pandia, Sibasish Mishra",Mumbai Angels Network,1200000.0,Pre-series A
Sourcewiz,2021,2021,False,Gurugram,Information Technology & Services,Building a platform for exporters to digitize their workflows and help them grow and manage their business.,"Divyaanshu Makkar, Vikas, Mayur","Blume, Alpha Wave Incubation",3000000.0,Seed
Kafqa Academy,2021,2021,False,Bengaluru,E-learning,"Kafqa Academy is a global performing arts academy that offers classes in dancing, singing, and speech & drama.",Shariq Plasticwala,"Global Founders Capital, Enzia Ventures, Better Capital",1300000.0,Seed
Storia,2016,2021,False,Mumbai,Food & Beverages,"Storia Foods and Beverages is committed to creating products that are natural, full of goodness and promote a healthy lifestyle.",Vishal Shah,Sixth Sense Ventures,6000000.0,Series A
Clear,2011,2021,False,Bengaluru,Computer Software,India’s leading FinTech SaaS platform,"Archit Gupta, Srivatsan Chari","Kora Capital, Stripe, Alua Capital",75000000.0,Series C
Groww,2016,2021,False,Bengaluru,Finance,Groww is on a mission to democratize access to financial services for millions of Indians responsibly.,"Lalit Keshre, Harsh Jain, Ishan Bansal, Neeraj Singh",Iconiq Growth,250000000.0,Series E
Teachmint,2020,2021,False,Bengaluru,E-learning,Teachmint is an education infrastructure provider and India’s largest teaching platform.,"Divyansh Bordia, Mihir Gupta","Rocketship.vc, Vulcan Capital",78000000.0,Series B
Porter,2014,2021,False,Bengaluru,Logistics & Supply Chain,Porter is India's Largest Marketplace for Intra-City Logistics.,"Pranav Goel, Uttam Digga, Vikas Choudhary","Tiger Global, Vitruvian Partners",100000000.0,Series E
O4S,2017,2021,False,Gurugram,Information Technology & Services,O4S SaaS helps Consumer Brands to Digitize and Automate their Supply Chain thereby increasing Sales and Performance.,"Divay Kumar, Shreyans Sipani","Think Investments, Venture Highway",6000000.0,Series A
Wobb,2020,2021,False,Gurugram,Marketing,The platform for marketers to find and work with influencers,Ishan Jindal,"Alok Kohli, Sanjeev Bhargava",200000.0,Pre-seed
BASIC Home Loan,2020,2021,False,Gurugram,Financial Services,BASIC Home Loan is India's first automated platform for secured lending with special focus on the affordable housing segment.,"Atul Monga, Kalyan Josyula","Venture Catalysts, Gruhas Proptech",3500000.0,Series A
Siply,2020,2021,False,Bengaluru,Financial Services,"A tech-enabled micro-savings platform, for the underserved masses, that makes it possible to save starting at Re. 1","Sousthav Chakrabarty, Anil Bhat","LetsVenture, AngelList India, Founder's Room Circle",3200000.0,Pre-series A
Healofy,2016,2021,False,Bengaluru,Femtech,Healofy was created with a mission to experience special motherhood through its products and its inexhaustive and evergrowing babycare tips,"Gaurav Aggarwal, Shubham Maheshwari","Celesta Capital, Omidyar Network India",6000000.0,Series B
E42,2012,2021,False,Pune,Computer Software,E42 is the world’s leading Natural Language Processing- based AI platform driving enterprise cognition across processes.,"Animesh Samuel, Sanjeev Menon",Pavestone Ventures,5400000.0,Series A
Spottabl,2017,2021,False,Bengaluru,Human Resources,Spottabl is a technology driven recruitment platform that has helped over 50 tech startups and growth stage companies discover their top talent through its intelligent and human backed model.,"Vanishri Deshpande, Satheesh K V, Anupam Choudhari","LetsVenture, Paradigm Shift VC, Binny Bansal",400000.0,Seed
DeHaat,2012,2021,False,Gurugram,Information Technology & Services,DeHaat™ is one of the fastest growing start-ups in Agri Tech sector and one of the very few companies providing end-to-end solutions and services to the farming community in India.,"Amrendra Singh, Shyam Sundar, Adarsh Srivastav, Shashank Kumar","Sofina, Lightrock India, Temasek",115000000.0,Series D
Zolve,2020,2021,False,Bengaluru,Financial Services,World's first cross-border Neobank,Raghunandan G,DST Global,40000000.0,Series A
SportZchain,2021,2021,False,Mumbai,sports,SportZchain is India's first blockchain based platform poised to disrupt a multi-billion dollar fan engagement industry.,Siddharth Jaiswal,"Darq Capital, Jagadeesh Atukuri",400000.0,Pre-seed
Hypto,2018,2021,False,Chennai,Tech startup,The next generation of web services that democratize access to finance for developers and businesses.,"Abhishek Rajagopal, Aravind Sriraman, Tholkappiyan Velavan",Stellaris Venture Partners,3000000.0,Seed
CHUPPS,2016,2021,False,Mumbai,Foootwear,D2C footwear brand,"Gaurav Agarwal, Yash Mukhi",Venture Catalysts,1100000.0,Pre-series A
Zenduty,2019,2021,False,Bengaluru,Computer Software,"Next-generation end-to-end incident response platform for SREs, DevOps, ITOps and Support teams","Ankur Rawal, Vishwa Krishnakumar",StartupXseed Ventures,1900000.0,Pre-series A
Acko,2016,2021,False,Bengaluru,Insurance,ACKO is India’s first and fastest growing InsurTech company which makes buying and using insurance effortless.,"Varun Dua, Ruchi Deepak","General Atlantic, Multiples",255000000.0,Series D
LoveLocal,2015,2021,False,Mumbai,Retail,LoveLocal (formerly known as m.Paani) is bringing Trusted Local Shops Online and empowering them to deliver the neighbourhood shopping experience of the future.,Akanksha Hazari,Vulcan Capital,18000000.0,Pre-series B
SupplyNote,2015,2021,False,Noida,Food & Beverages,"SupplyNote is Cloud based web and mobile enabled suite connecting outlets, service providers and suppliers.","Kushang, Abhishek Verma, Nitin Prakash, Harshit Mittal",Venture Catalysts,1200000.0,Pre-series A
Cloudphysician,2017,2021,False,Bengaluru,Hospital & Health Care,Cloudphysician is a healthtech company that is transforming the delivery of critical care.,"Dr Dhruv Joshi, Dr Dileep Raman",Elevar Equity,4000000.0,Pre-series A
Wiggles.in,2018,2021,False,Pune,Veterinary,Wiggles India is a preventative healthcare brand for all things pets!,Anushka Iyer,Anthill Ventures,5500000.0,Pre-series A
Avanti Finance,2017,2021,False,Bengaluru,Financial Services,A digital platform to make financial services accessible to 100 million unserved and underserved households across India,"Nandan Nilekani, Vijay Kelkar","Oikocredit, Nomura, The Bill & Melinda Gates Foundation",15000000.0,Series A2
Vanity Wagon,2018,2021,False,New Delhi,Consumer Goods,Vanity Wagon is India's first true information oriented clean beauty marketplace.,"Prateek, Naina Ruhail, Sahil Shreshtha",Inflection Point Ventures,700000.0,Pre-series A
MFine,2017,2021,False,Bengaluru,Hospital & Health Care,"MFine aims to make access to trusted healthcare simple, fast, and effective.","Prasad Kompalli, Ashutosh Lawania","Moore Strategic Ventures, BEENEXT",48000000.0,Series C
Mentza,2020,2021,False,Mumbai,E-learning,"Make great conversations accessible to everyone through a vibrant, small, safe, and easy real-time audio platform","Anurag Vaish, Tapasi Mittal, Fareesh Vijayarangam, Anand Parameswaran, Divya Balakrishnan",Inflection Point Ventures,400000.0,Seed
ConnectedH,2018,2021,False,Gurugram,Hospital & Health Care,Connect different sectors of healthcare system and give the patients complete control over their information.,"Shubham Gupta, Rahul Kumar, Suresh Singh","Kalaari Capital, Incubate Fund India",2300000.0,Seed
CredAvenue,2017,2021,False,Chennai,FinTech,CredAvenue is an organization on a mission to deepen and power the $120Trillion global enterprise debt market which would unlock a GDP multiplier and thus create massive economic value.,Gaurav Kumar,"Sequoia Capital, Lightspeed, TVS Capital Funds",90000000.0,Series A
Vedantu,2011,2021,False,Bengaluru,E-learning,Vedantu is a LIVE online learning platform that brings together students and teachers to achieve best results.,"Vamsi Krishna, Pulkit Jain, Saurabh Saxena, Anand Prakash",ABC World Asia,100000000.0,Series E
Exotel,2011,2021,False,Bengaluru,Telecommunications,"Asia's largest customer engagement platform, streamlining customer interactions for Swiggy, Ola, Flipkart, GoJek etc.","Shivakumar Ganesan, Ishwar Sridharan, Siddharth Ramesh, Vijay Sharma","IIFL AMC, Sistema Asia Fund, CX Partners, Singularity Growth Opportunities Fund",35000000.0,Series C
Fantasy Akhada,2020,2021,False,Gurugram,sports,Fantasy Akhada is one of India's fastest growing Fantasy Sports Platform.,"Amit Purohit, Sumit Kumar Jha",Prime Securities Limited,2000000.0,Series A
Cusmat,2016,2021,False,Hyderabad,Computer Software,CUSMAT is India’s largest immersive skilling and training platform.,"Abhinav Ayan, Anirban Jyoti Chakravorty",We Founder Circle,100000.0,Pre-series A
Coinshift,2021,2021,False,Chandigarh,Blockchain,CoinShift helps businesses and decentralised autonomous organisations (DAO's) manage their crypto easily,Tarun Gupta,"Sequoia Capital, Sandeep Nailwal",2500000.0,Seed
Strip Finance,2021,2021,False,Hyderabad,Financial Services,Collateralised NFT & DeFi Liquidity Protocol With Interest Rate Discovery.,"Varun Satyam, Yuvraj Chhibber, Yash Jejani","Old Fashion Research, Nothing Research, Tenzor capital",400000.0,Seed
Kolo,2020,2021,False,Bengaluru,Construction,Home construction app for finding ideas and service providers near you,"Pranav Garg, Jery Althaf",Better Capital,550000.0,Pre-seed
Chqbook,2017,2021,False,Gurugram,FinTech,"Chqbook.com is India’s first neobank for small business owners offering world-class financial services through its five pillars of banking, khata, lending, insurance, and rewards.","Vipul Sharma, Rajat Kumar, Sachin Arora","Aavishkaar Capital, Rajiv Dadlani Group",5000000.0,Pre-series B
Rulezero,2019,2021,False,Bengaluru,Financial Services,"Rulezero is a legal/fintech startup reimagining private markets by building an intelligent platform that enables stakeholder participation and capital flow in a transparent, efficient and compliant manner.","Satish Mugulavalli, Srinivas Katta",The Treasury,2500000.0,Seed
Karbon Card,2019,2021,False,Bengaluru,FinTech,"Empower Indian startups by creating the right financial products starting with a high-limit corporate credit card with unlimited benefits, no personal liability and no fixed deposit.","Pei-fu Hsieh, Amit Jangir, Kartik Jain, Sunil Sinha","Ramp, Rainfall Ventures, Roka Works, Y Combinator",12000000.0,Pre-series A
ePayLater,2015,2021,False,Mumbai,Financial Services,ePaylater is a payment solution that aims to separate the experience of shopping from the hassles of payment process.,"Aurko Bhattacharya, Akshat Saxena","Responsibility, Blue Ashva Capital, Pravega Ventures",10000000.0,Series B
Fittr,2016,2021,False,Pune,"Health, Wellness & Fitness","FITTR’s mission is to reach out to 50 million people and make them fit, create jobs in the fitness industry, teach people how easy it is to stay fit and move together as a Wolfpack.","Rohit Chattopadhyay, Jitendra Chouksey, Suniel Shetty, Sonal Singh, Bala Dabbedi","Dream Capital, Elysian Park Ventures",11000000.0,Series A
Medikabazaar,2014,2021,False,Mumbai,Healthtech,"Medikabazaar, India’s pioneering and largest online B2B marketspace for medical supplies and equipment.","Vivek Tiwari, Ketan Malkan","CDC Group, Creaegis",75000000.0,Series C
Akudo,2020,2021,False,Bengaluru,Financial Services,A Learning-First Neobank for teenagers - Enable practical financial education for child today,"Lavika Aggarwal, Sajal Khanna, Jgaveer Gandhi","Y Combinator, JAFCO Asia, Incubate Fund India, marquee angels",4200000.0,Seed
88academics,2018,2021,False,New Delhi,Education,88academics an 88tuition Pte Ltd has been established with the social objective of making quality video-based learning material available to all students.,Anil Ahuja,Aarin Capital,3000000.0,Pre-series A
Sanfe,2018,2021,False,New Delhi,"Health, Wellness & Fitness",India’s revolutionary feminine hygiene and period care brand that strives to build a better world for women.,"Archit Aggarwal, Harry Sehrawat","LetsVenture, Ajay Garg, Tarun Sharma",1000000.0,Series A
PredictiVu,2020,2021,False,Gurugram,Management Consulting,"PredictiVu's AI-enabled dashboard integrated with India's largest, proprietary, weekly consumer purchase data, market intelligence and web insights",Unknown,Kunal Sarkar,1500000.0,Pre-seed
Bijnis,2015,2021,False,New Delhi,B2B startup,Bijnis is revolutionizing the way manufacturers operate and scale their factories by digitizing their Demand/Supply/Captial/Operations.,"Siddharth, Chaitanya Rathi, Siddharth Rastogi, Shubham Agarwal",Westbridge Capital,30000000.0,Series B
Manch Technologies,2017,2021,False,Bengaluru,Information Technology & Services,"A Single Click Work Flow E-Sign solution to conduct speedy, accurate, efficient transactions through a “cash-less, presence-less, paperless” framework.",Suresh Anantpurkar,Bharat Inclusion,1000000.0,Pre-series A
Glamyo Health,2019,2021,False,New Delhi,Hospital & Health Care,Glamyo Health is an advanced healthcare co delivering a seamless experience for elective surgeries.,"Archit Garg, Dr Preet Pal Thakur",Ananta Capital,3000000.0,Series A
CashBook,2020,2021,False,Gurugram,FinTech,"CashBook is a digital record-keeping app using which businesses can add entries, segregate records, and find overall balance instantly.","Vivek, Ashutosh Pathak","JAM, Better Tomorrow Ventures",2300000.0,Seed
The Money Club,2016,2021,False,Noida,Financial Services,The Money Club is a mobile platform for peer to peer chit funds.,"Manuraj Jain, Surajit Ra","SOSV, Venture Catalysts",1700000.0,Pre-series A
SuperZop,2016,2021,False,Mumbai,Retail,SuperZop is India's first and only vernacular B2B Grocery e-commerce platform that is transforming the unorganized retail sector.,"Raghuveer Allada, Prithwi Singh, Darshan Krishnamurthy",Incofin’s India Progress Fund,4000000.0,Series A
Zypp Electric,2017,2021,False,Gurugram,Logistics & Supply Chain,"Zypp is working to convert all deliveries for e-commerce, grocery, medicine and food vertical to go electric with e-scooter sharing app.","Akash Gupta, Rashi Agarwal","9Unicorns, Anthill Ventures",7000000.0,Series A
VRO Hospitality,2018,2021,False,Bengaluru,Hospitality,One of the fastest-growing hospitality companies based out of Bangalore.,"Safdhar Adoor, Sharath Rice, Dawn Thomas",CreedCap Asia Advisors,3000000.0,Series A
Leena AI,2015,2021,False,Gurugram,Computer Software,AI to help enterprises transform the employee experience.,"Mayank Goyal, Anand Prajapati",Bessemer Venture Partners,30000000.0,Series B
CARS24,2015,2021,False,Gurugram,Automotive,"CARS24 is proud to be a tech-first organisation, looking to make inroads into the global auto-tech market in groundbreaking ways.","Mehul Agrawal, Vikram Chopra","DST Global, Falcon Edge, SoftBank Vision Fund 2",450000000.0,Series F
Klub,2019,2021,False,Bengaluru,Financial Services,"A team of fintech, investment banking, venture capital, and technology veterans who bring a founder-first mindset.","Anurakt Jain, Ishita Verma",Trifecta Capital,2000000.0,Debt
Bluepad,2020,2021,False,Bengaluru,Online Media,A one-stop solution for aggregated content in vernacular languages,"Sanjyot Bhosale, Devakrishna Asokar, Kishore Garimella","Titan Capital, AngelList's syndicate",200000.0,Pre-seed
FloBiz,2019,2021,False,Bengaluru,Information Technology & Services,Neobank for Growing SMBs. Simplify GST Billing & Accounting needs with myBillBook App.,"Rahul Raj, Aditya Naik, Rakesh Yadav",Sequoia Capital India,31000000.0,Series B
Tummoc,2016,2021,False,Bengaluru,Mobility,Tummoc helps track and find actionable & accurate bus/metro/suburban rail intracity travel information.,"Hiranmay Mallick, Monalisha Thakur, Narayan Mishra","Vineet Singh, Krishna D, Deependra Bisht, Alan Aim",540000.0,Seed
Aerchain,2019,2021,False,Bengaluru,Computer Software,Advance Source-to-Pay cycle to a new level with Artificial Intelligence!,"Harsha Kadimisetty, Himavanth Jasti","Season Two Ventures, IndiaMart",3000000.0,Pre-series A
CuriousJr,2020,2021,False,Gurugram,E-learning,CuriousJr is a platform to answer kids' curiosity and prepare them for 21st-century skills.,"Amit Shekhar, Janishar Ali, Mridul Ranjan Sahu","WaterBridge Ventures, Enzia Ventures",1000000.0,Seed
Wow! Momo,2008,2021,False,Kolkata,Food & Beverages,WOW! Momo is one of the fastest-growing food brands in India.,"Binod Homagai, Sagar Daryani, Shah Miftaur Rahman",Tree Line Investment Management,15000000.0,Series C
ZestMoney,2015,2021,False,Bengaluru,Financial Services,"ZestMoney helps make it accessible for millions to upgrade, to enhance, to rise, while keeping it affordable.","Priya Sharma, Lizzie Chapman",Zip Co,50000000.0,Series C
FrontRow,2020,2021,False,Bengaluru,E-learning,"FrontRow enables everyone to pursue their passions - get better, learn from the best and get noticed!","Shubhadit Sharma, Mikhil Raj, Ishaan Preet Singh","Eight Roads Ventures, GSV",14000000.0,Series A
HappyCredit,2020,2021,False,Bengaluru,FinTech,"HappyCredit is on a mission to make online shopping delightful for 400mn bharat shoppers with credit, rewards, shopping inspiration and more.","Jitendra Kumar, Ashish Virmani","Kunal Shah, Krishna Kumar",600000.0,Pre-seed
Endimension,2018,2021,False,Mumbai,Healtcare,Endimension Technology is a healthcare Artificial Intelligence startup incubated at IIT Bombay.,"Bharadwaj Kss, Apparao MLV, Kurien Zacharia",Inflection Point Ventures,300000.0,Seed
BeepKart,2020,2021,False,Bengaluru,Automotive,BeepKart is building a platform to digitize and organize the used two-wheeler market.,"Hemir Doshi, Abhishek Saraf","Stellaris Venture Partners, Chiratae Ventures",3000000.0,Seed
Lio,2020,2021,False,Pune,Computer Software,"Lio is the one app for all data where you can create, keep records and track all the records",Anupam Vijayvergia,"Lightspeed, Sequioa",5000000.0,Seed
TravClan,2018,2021,False,New Delhi,B2B Travel,A mission to solve a genuine problem faced by millions of travel entrepreneurs across the world.,"Arun Bagaria, Ashish Thapliyal",TheVentures,2200000.0,Pre-series A
WickedGud,2021,2021,False,Mumbai,Food & Beverages,A mission to make every day eating guilt-free and change the way the world consumes comfort foods.,Bhuman Dani,"Titan Capital, Archana Priyadarshini, Gaurav Ahuja",340000.0,Pre-seed
BetterPlace,2014,2021,False,Bengaluru,Information Technology & Services,"BetterPlace is India’s largest technology platform delivering digital solutions for blue-collar workforce management, throughout the entire value chain.",Pravin Agarwala,"Jungle Ventures, CX Partners",24000000.0,Series C
GTM Buddy,2020,2021,False,Hyderabad,Computer Software,Just-in-time Sales Enablement Platform,"Sreedhar Peddineni, Santa Thounaojam, Sundar Vellaichamy, Chandramani Tiwary",Stellaris Venture Partners,2000000.0,Seed
Gobbly,2019,2021,False,Gurugram,Retail,A 24x7 automated retail store filled with daily essentials.,"Ankur Agarwal, Amit Ahuja","Anicut Angel Fund, Sauce.VC",900000.0,Pre-series A
HexaHealth,2019,2021,False,Mumbai,Healthtech,H2D is the most trusted online platform that connects the finest experts with people aspiring to achieve their Health Goals in a holistic way,"Vikas Chauhan, Ankur Gigras, Dr Aman Priya Khanna","Omidyar Network India, Chiratae Ventures",4500000.0,Seed
Eupheus Learning,2017,2021,False,New Delhi,E-learning,Offer pedagogically differentiated technology driven solutions that lead to critical thinking and achievement of higher learning outcomes,"Sarvesh Shrivastava, Ved Prakash Khatri, Amit Kapoor",Lightrock India,10000000.0,Series C
Anar,2019,2021,False,Mumbai,Information Technology & Services,Anar Business Community App is a platform where businesses can create their free profile and grow their business network all over India.,"Nishank Jain, Sanjay Bhat","Elevation Capital, Accel India",6200000.0,Seed
Shadez,2019,2021,False,Mumbai,Consumer Services,"Smart painting process, latest automatic tools and professional painters make the process faster than any other conventional process of painting .","Adarsh Anand, Amit Tiwari",Inflection Point Ventures,200000.0,Pre-series A
Vahan,2016,2021,False,Bengaluru,Information Technology & Services,"Help companies such as Zomato, Swiggy, Flipkart, Uber, Shadowfax etc. hire blue-collar workers and are on track to become India's largest recruitment platform.",Madhav Krishna,Khosla Ventures,8000000.0,Series A
Artium Academy,2021,2021,False,Mumbai,Music,Artium Academy is an Online Music Education platform that makes learning fun and accessible to people of all ages.,"Ashish Joshi, Nithya Sudhir","Sonu Nigam, Whiteboard Capital",750000.0,Seed
Awon GameZ,2020,2021,False,Noida,Gaming,"An online platform on which developers can host their games and gamers can come together as a community to enjoy experiences, compete, challenge and win!",Amardeep Bajpai,Aditya Duggar,2000000.0,Seed
Ayu Health,2019,2021,False,Bengaluru,"Health, Wellness & Fitness",Ayu Health is a network of high quality hospitals focused on providing high quality healthcare for all.,"Himesh Joshi, Arijit Gupta, Karan Gupta","Vertex Ventures, Stellaris Venture Partners",6300000.0,Series A
Apna,2019,2021,False,Bengaluru,Recruitment,India's largest professional networking & job opportunities platform for the rising workforce.,Nirmit Parikh,Tiger Global,100000000.0,Series C
BharatAgri,2017,2021,False,Bengaluru,AgriTech,Provide personalized farm solution to the farmers. Only app to provide actionable insights based on weather changes.,"Sai Gole, Siddharth Dialani","Omnivore, India Quotient",6500000.0,Series A
Flatheads,2018,2021,False,Bengaluru,Apparel & Fashion,Flatheads are an enthusiastic team of young professionals building a retail brand in the casual footwear space.,"Utkarsh Biradar, Ganesh Balakrishnan","We Founder Circle, Dexter Angels",1000000.0,Pre-series A
Paytail,2020,2021,False,New Delhi,Financial Services,Paytail is revolutionizing the offline commerce by enabling instant paperless EMI's to consumers,"AMIT CHATURVEDI, Vikas Garg",Cholamandalam,1500000.0,Seed
4Fin,2021,2021,False,Pune,Financial Services,4Fin is a Fintech Platform catering to needs of Smart Bharat.,"Amit Tewary, Ajit Sinha",Curesense Therapeutics,1100000.0,Pre-seed
immunitoAI,2020,2021,False,Bengaluru,Biotechnology,Perform Antibody Discovery using Artificial Intelligence.,"Aridni Shah, Trisha Chatterjee",pi Ventures,1000000.0,Seed
Farmers Fresh Zone,2015,2021,False,Kochi,AgriTech,D2C Health and Wellness Brand for Fresh and Safe Fruits and Vegetables from farmers through traceable Supply Chain,Pradeep PS,"IAN Fund, Malabar Angel Network, Native Angel Network",800000.0,Pre-series A
Anveshan,2019,2021,False,Bengaluru,Food Production,Revolutionizing the food industry through technology by providing high-quality traceable food products,"Aayushi Khandelwal, Akhil Kansal, Kuldeep Parewa","DSG Consumer Partners, Titan Capital",500000.0,Seed
Coutloot,2016,2021,False,Mumbai,Consumer Services,"Empowering local markets to sell online socially, our mission is to bring 25M sellers online by 2023","Mahima Kaul, Jasmeet Thind","Ameba Capital, 9Unicorns",8000000.0,Pre-series
Nova Benefits,2020,2021,False,Bengaluru,"Health, Wellness & Fitness",Nova Benefits is the one stop tech platform for providing the best health and wellness benefits to employees.,"Saransh Garg, Yash Gupta","Susquehanna International Group, Bessemer Venture Partners",10000000.0,Series A
HomeLane,2014,2021,False,Bengaluru,Interior Design,"Tech-empowered teams have delivered over 20,000 homes across 16 cities over the last 7 years.",Srikanth Iyer,"IIFL AMC, Oman India Joint Investment Fund",50000000.0,Series E
Jar,2021,2021,False,Bengaluru,FinTech,A daily gold-savings app that saves spare change & auto-invests.,"Nishchay AG, Misbah Ashraf","Tribe Capital, Arkam Ventures, WEH, Kunal Shah",4500000.0,Pre-series A
Skit,2016,2021,False,Bengaluru,AI startup,Enabling enterprises to automate their contact centre operations using Voice AI.,"Sourabh Gupta, Akshay Deshraj",Westbridge Capital,23000000.0,Series B
Peak,2014,2021,False,Information Technology & Services,"Manchester, Greater Manchester",Peak helps the world's smartest companies put the power of AI at the center of all commercial decision making with Decision Intelligence,Atul Sharma,SoftBank Vision Fund 2,75000000.0,Series C
Dezerv.,2021,2021,False,Mumbai,Investment Management,"Integrated Portfolios designed by experts with decades of investing, Unique access to pre-IPO and startup investing","Sandeep Jethwani, Vaibhav Porwal, Sahil Contractor","Elevation Capital, Matrix Partners India",7000000.0,Seed
AppsForBharat,2020,2021,False,Bengaluru,Product studio,"A mission to assist a billion Indians in their spiritual journey, through a range of products & services",Prashant Sachan,Elevation Capital,10000000.0,Series A
Habbit,2020,2021,False,Bengaluru,EdTech,Habbit is online learning community for anyone looking to get mentored in a skill or hobby of their choice.,"Somnath Sandeep, Raghav Goyal",Ashok Goyal,320000.0,Pre-seed
Bikayi,2019,2021,False,Hyderabad,E-commerce,Empowering SMBs in India,"Sonakshi Nathani, Ashutosh Singla",Sequoia Capital India,10000000.0,Series A
Dukaan,2020,2021,False,Bengaluru,Retail,"Help forward thinking entrepreneurs by providing them the platform to start, grow, and manage their business online.","Suumit Shah, Subhash Choudhary","HOF Capital, Old Well Ventures, LetsVenture, 9Unicorns",11000000.0,Series A
Vidyakul,2017,2021,False,Gurugram,EdTech,Vidyakul is a group of academic experts.,"Tarun Saini, Gaurav Singhvi",We Founder Circle,500000.0,Bridge
Goodmylk,2015,2021,False,Bengaluru,Food & Beverages,Make plant-based food affordable and accessible in India.,Abhay Rangan,"Jinisha Sharma, Aditya Agarwal, Victoria, Abhishek Shroff",1000000.0,Seed
Fieldproxy,2016,2021,False,Chennai,SaaS startup,Fieldproxy is a no-code platform that helps field servicing companies digitize their processes to better manage their on-ground technicians,"Swaroop Vijayakumar, Balakrishna B","LetsVenture, 2am VC, magic.fund",200000.0,Seed
NeuroPixel.AI,2020,2021,False,Bengaluru,Deeptech,NeuroPixel.AI Labs is a deep tech start-up that works in application of advanced AI/ML and statistical learning theory in Computer Vision and Image Processing area for online retail storefronts.,Unknown,"Arvind Venugopal Nair, Amritendu Mukherjee",800000.0,Seed
Elixia Tech Solutions,2011,2021,False,Mumbai,Information Technology & Services,End to End Logistics Automation Expert,Sanket Sheth,Rajasthan Venture Capital Fund,1000000.0,Pre-series A
bitsCrunch,2020,2021,False,Chennai,Blockchain,A consulting firm focused mainly on Data Analytics and DevOps.,Saravanan Jaichandaran,"Covalent, Double Peak, GenBlock Capital, Ledger Prime, MEXC Global, Synaps",700000.0,Seed
Prolgae,2016,2021,False,The Nilgiris,Biotechnology,Prolgae Spirulina Supplies Pvt. Ltd. is a Nordic-India joint operating company.,Aakas Sadasivam,Vijayan,200000.0,Seed
Biddano,2016,2021,False,Pune,"Health, Wellness & Fitness",India's first tech-enabled healthcare logistics platform.,"Talha Shaikh, Ashok Yadav","Gokul Rajaram, JPIN, Venture Catalysts UK, AngelList",2000000.0,Pre-series A1
Neokred,2019,2021,False,Bengaluru,FinTech,Democratizing Open Banking,"Tarun Nazare, Rohith Reji","Virenxia Group, Rajesh Jain, Nitin Agarwal",500000.0,Seed
Delhivery,2011,2021,False,Gurugram,Logistics & Supply Chain,Delhivery is a leading logistics and supply chain services company in India.,Sahil Barua,Addition,76000000.0,Series I
Flipspaces,2011,2021,False,Mumbai,Design,"Flipspaces is a global tech-enabled venture towards discovery, design and delivery of commercial and residential spaces",Kunal Sharma,Prashasta Seth,2000000.0,Pre-series B
Fleek,2021,2021,False,Bengaluru,Internet,Fleek helps track & manage subscriptions in one place.,"Aditya Uttaravalli, Arvind Eashwar",Axilor,1000000.0,Seed
GoKwik,2020,2021,False,New Delhi,Information Technology & Services,GoKwik is a platform for solving shopping experience problems on e-commerce websites on the internet.,"Ankush Talwar, Chirag Taneja, Vivek Bajpai","Matrix Partners India, Jitendra Gupta, RTP Global",5000000.0,Pre-series A
Proeon,2018,2021,False,Pune,Food Production,"Innovating plant protein ingredients with superior nutrition, sensory and functional profiles from farm to formulation.","Ashish Korde, Kevin Parekh","Shaival Desai, Flowstate Ventures",2000000.0,Seed
InfyU Labs,2019,2021,False,Gandhinagar,AgriTech,InfyU Labs is a team of dedicated professionals from various fields of engineering with a common goal of making chemical-free fruits and vegetables accessible to everyone.,"Amit Srivastava, Ankit Chauhan",IAN,200000.0,Seed
TechEagle,2015,2021,False,Gurugram,Aviation & Aerospace,"Safe, secure & reliable On-Demand Drone delivery network for medical, parcel & essential items",Vikram Singh Meena,India Accelerator,500000.0,Seed
Cogos Technologies,2016,2021,False,Bengaluru,Logistics & Supply Chain,A smart-tech-enabled platform offering a one-stop destination for all the intra-city link-supply chain.,Prasad Sreeram,Transworld Group,2000000.0,Pre-series A
Gigforce,2019,2021,False,Gurugram,Staffing & Recruiting,A gig/on-demand staffing company.,"Chirag Mittal, Anirudh Syal",Endiya Partners,3000000.0,Pre-series A
Vahdam,2015,2021,False,New Delhi,Food & Beverages,VAHDAM is among the world’s first vertically integrated online-first tea brands.,Bala Sarda,IIFL AMC,20000000.0,Series D
Leap Finance,2019,2021,False,Bengaluru,Financial Services,International education loans for high potential students.,"Arnav Kumar, Vaibhav Singh",Owl Ventures,55000000.0,Series C
CollegeDekho,2015,2021,False,Gurugram,EdTech,"Collegedekho.com is Student’s Partner, Friend & Confidante, To Help Him Take a Decision and Move On to His Career Goals.",Ruchir Arora,"Winter Capital, ETS, Man Capital",26000000.0,Series B
WeRize,2019,2021,False,Bengaluru,Financial Services,India’s first socially distributed full stack financial services platform for small town India,"Vishal Chopra, Himanshu Gupta","3one4 Capital, Kalaari Capital",8000000.0,Series A
